"subject","video_set","emotion","acc"
"01dkf6na","ADFES","surprise",1
"01dkf6na","ADFES","anger",1
"01dkf6na","ADFES","disgust",0.875
"01dkf6na","ADFES","sadness",0.75
"01dkf6na","ADFES","fear",0.75
"01dkf6na","ADFES","happiness",0.75
"01dkf6na","JeFEE","surprise",0.5
"01dkf6na","JeFEE","anger",0.375
"01dkf6na","JeFEE","disgust",0.25
"01dkf6na","JeFEE","sadness",0.375
"01dkf6na","JeFEE","fear",0.125
"01dkf6na","JeFEE","happiness",0
"02rvvdck","ADFES","surprise",0.625
"02rvvdck","ADFES","anger",1
"02rvvdck","ADFES","disgust",0.875
"02rvvdck","ADFES","sadness",0.5
"02rvvdck","ADFES","fear",0.875
"02rvvdck","ADFES","happiness",0.875
"02rvvdck","JeFEE","surprise",0.25
"02rvvdck","JeFEE","anger",0.375
"02rvvdck","JeFEE","disgust",0.875
"02rvvdck","JeFEE","sadness",0.125
"02rvvdck","JeFEE","fear",0.375
"02rvvdck","JeFEE","happiness",0.75
"05vna3n7","ADFES","surprise",1
"05vna3n7","ADFES","anger",0.875
"05vna3n7","ADFES","disgust",0.75
"05vna3n7","ADFES","sadness",1
"05vna3n7","ADFES","fear",0.875
"05vna3n7","ADFES","happiness",1
"05vna3n7","JeFEE","surprise",0.375
"05vna3n7","JeFEE","anger",1
"05vna3n7","JeFEE","disgust",0.625
"05vna3n7","JeFEE","sadness",0.75
"05vna3n7","JeFEE","fear",0.75
"05vna3n7","JeFEE","happiness",1
"0dj4xrwz","ADFES","surprise",1
"0dj4xrwz","ADFES","anger",1
"0dj4xrwz","ADFES","disgust",0.25
"0dj4xrwz","ADFES","sadness",0.875
"0dj4xrwz","ADFES","fear",0.5
"0dj4xrwz","ADFES","happiness",1
"0dj4xrwz","JeFEE","surprise",0.25
"0dj4xrwz","JeFEE","anger",0.5
"0dj4xrwz","JeFEE","disgust",0.5
"0dj4xrwz","JeFEE","sadness",0.5
"0dj4xrwz","JeFEE","fear",0.75
"0dj4xrwz","JeFEE","happiness",0.75
"1bky7pq2","ADFES","surprise",0.5
"1bky7pq2","ADFES","anger",0.875
"1bky7pq2","ADFES","disgust",0.75
"1bky7pq2","ADFES","sadness",0.625
"1bky7pq2","ADFES","fear",0.285714285714286
"1bky7pq2","ADFES","happiness",0.375
"1bky7pq2","JeFEE","surprise",0.25
"1bky7pq2","JeFEE","anger",0.625
"1bky7pq2","JeFEE","disgust",0.5
"1bky7pq2","JeFEE","sadness",0.125
"1bky7pq2","JeFEE","fear",0
"1bky7pq2","JeFEE","happiness",0.375
"1jesbvms","ADFES","surprise",0.875
"1jesbvms","ADFES","anger",1
"1jesbvms","ADFES","disgust",0.875
"1jesbvms","ADFES","sadness",0.5
"1jesbvms","ADFES","fear",0.75
"1jesbvms","ADFES","happiness",1
"1jesbvms","JeFEE","surprise",0.875
"1jesbvms","JeFEE","anger",0.875
"1jesbvms","JeFEE","disgust",0.75
"1jesbvms","JeFEE","sadness",0.25
"1jesbvms","JeFEE","fear",0.625
"1jesbvms","JeFEE","happiness",0.625
"1jtd23n7","ADFES","surprise",1
"1jtd23n7","ADFES","anger",0.857142857142857
"1jtd23n7","ADFES","disgust",1
"1jtd23n7","ADFES","sadness",1
"1jtd23n7","ADFES","fear",0.625
"1jtd23n7","ADFES","happiness",0.875
"1jtd23n7","JeFEE","surprise",0.625
"1jtd23n7","JeFEE","anger",0.75
"1jtd23n7","JeFEE","disgust",0.625
"1jtd23n7","JeFEE","sadness",0.375
"1jtd23n7","JeFEE","fear",0.375
"1jtd23n7","JeFEE","happiness",0.75
"1m3o7vtx","ADFES","surprise",1
"1m3o7vtx","ADFES","anger",0.875
"1m3o7vtx","ADFES","disgust",0.5
"1m3o7vtx","ADFES","sadness",0.5
"1m3o7vtx","ADFES","fear",0.5
"1m3o7vtx","ADFES","happiness",1
"1m3o7vtx","JeFEE","surprise",0.625
"1m3o7vtx","JeFEE","anger",0.625
"1m3o7vtx","JeFEE","disgust",0.125
"1m3o7vtx","JeFEE","sadness",0.5
"1m3o7vtx","JeFEE","fear",0.75
"1m3o7vtx","JeFEE","happiness",0.75
"230qxghj","ADFES","surprise",0.875
"230qxghj","ADFES","anger",1
"230qxghj","ADFES","disgust",0.625
"230qxghj","ADFES","sadness",0.625
"230qxghj","ADFES","fear",0.625
"230qxghj","ADFES","happiness",0.625
"230qxghj","JeFEE","surprise",0.75
"230qxghj","JeFEE","anger",0.875
"230qxghj","JeFEE","disgust",0.125
"230qxghj","JeFEE","sadness",0.25
"230qxghj","JeFEE","fear",0.375
"230qxghj","JeFEE","happiness",0.625
"23un4xk0","ADFES","surprise",1
"23un4xk0","ADFES","anger",1
"23un4xk0","ADFES","disgust",0.375
"23un4xk0","ADFES","sadness",0.625
"23un4xk0","ADFES","fear",1
"23un4xk0","ADFES","happiness",0.75
"23un4xk0","JeFEE","surprise",1
"23un4xk0","JeFEE","anger",0.75
"23un4xk0","JeFEE","disgust",0.25
"23un4xk0","JeFEE","sadness",0.5
"23un4xk0","JeFEE","fear",0.75
"23un4xk0","JeFEE","happiness",0.375
"2bq4gp56","ADFES","surprise",1
"2bq4gp56","ADFES","anger",0.875
"2bq4gp56","ADFES","disgust",0.875
"2bq4gp56","ADFES","sadness",1
"2bq4gp56","ADFES","fear",1
"2bq4gp56","ADFES","happiness",1
"2bq4gp56","JeFEE","surprise",1
"2bq4gp56","JeFEE","anger",0.625
"2bq4gp56","JeFEE","disgust",0.625
"2bq4gp56","JeFEE","sadness",0.625
"2bq4gp56","JeFEE","fear",0.875
"2bq4gp56","JeFEE","happiness",1
"2d7emjn8","ADFES","surprise",1
"2d7emjn8","ADFES","anger",1
"2d7emjn8","ADFES","disgust",1
"2d7emjn8","ADFES","sadness",0.75
"2d7emjn8","ADFES","fear",0.875
"2d7emjn8","ADFES","happiness",0.875
"2d7emjn8","JeFEE","surprise",0.625
"2d7emjn8","JeFEE","anger",0.5
"2d7emjn8","JeFEE","disgust",0.625
"2d7emjn8","JeFEE","sadness",0.625
"2d7emjn8","JeFEE","fear",0.5
"2d7emjn8","JeFEE","happiness",0
"3nsxj3yf","ADFES","surprise",0.875
"3nsxj3yf","ADFES","anger",0.75
"3nsxj3yf","ADFES","disgust",0.625
"3nsxj3yf","ADFES","sadness",0.625
"3nsxj3yf","ADFES","fear",0.875
"3nsxj3yf","ADFES","happiness",0.875
"3nsxj3yf","JeFEE","surprise",0.5
"3nsxj3yf","JeFEE","anger",0.75
"3nsxj3yf","JeFEE","disgust",0.625
"3nsxj3yf","JeFEE","sadness",0.25
"3nsxj3yf","JeFEE","fear",0.375
"3nsxj3yf","JeFEE","happiness",0.125
"473syksy","ADFES","surprise",1
"473syksy","ADFES","anger",0.75
"473syksy","ADFES","disgust",0.75
"473syksy","ADFES","sadness",1
"473syksy","ADFES","fear",0.375
"473syksy","ADFES","happiness",1
"473syksy","JeFEE","surprise",1
"473syksy","JeFEE","anger",0.875
"473syksy","JeFEE","disgust",0.625
"473syksy","JeFEE","sadness",0.125
"473syksy","JeFEE","fear",0.25
"473syksy","JeFEE","happiness",0.375
"4ho7pfhd","ADFES","surprise",1
"4ho7pfhd","ADFES","anger",1
"4ho7pfhd","ADFES","disgust",0.75
"4ho7pfhd","ADFES","sadness",0.875
"4ho7pfhd","ADFES","fear",1
"4ho7pfhd","ADFES","happiness",1
"4ho7pfhd","JeFEE","surprise",1
"4ho7pfhd","JeFEE","anger",0.875
"4ho7pfhd","JeFEE","disgust",0.875
"4ho7pfhd","JeFEE","sadness",0.25
"4ho7pfhd","JeFEE","fear",0.75
"4ho7pfhd","JeFEE","happiness",0.625
"4ovd9i0b","ADFES","surprise",1
"4ovd9i0b","ADFES","anger",0.625
"4ovd9i0b","ADFES","disgust",0.5
"4ovd9i0b","ADFES","sadness",0.75
"4ovd9i0b","ADFES","fear",0.375
"4ovd9i0b","ADFES","happiness",1
"4ovd9i0b","JeFEE","surprise",0.125
"4ovd9i0b","JeFEE","anger",0.375
"4ovd9i0b","JeFEE","disgust",0.5
"4ovd9i0b","JeFEE","sadness",0
"4ovd9i0b","JeFEE","fear",0
"4ovd9i0b","JeFEE","happiness",0.375
"4ovdiwho","ADFES","surprise",1
"4ovdiwho","ADFES","anger",1
"4ovdiwho","ADFES","disgust",1
"4ovdiwho","ADFES","sadness",0.625
"4ovdiwho","ADFES","fear",1
"4ovdiwho","ADFES","happiness",0.875
"4ovdiwho","JeFEE","surprise",0.625
"4ovdiwho","JeFEE","anger",0.875
"4ovdiwho","JeFEE","disgust",0.5
"4ovdiwho","JeFEE","sadness",0.375
"4ovdiwho","JeFEE","fear",0.625
"4ovdiwho","JeFEE","happiness",0.625
"60jre6xi","ADFES","surprise",1
"60jre6xi","ADFES","anger",0.875
"60jre6xi","ADFES","disgust",0.625
"60jre6xi","ADFES","sadness",0.75
"60jre6xi","ADFES","fear",0.625
"60jre6xi","ADFES","happiness",1
"60jre6xi","JeFEE","surprise",0.125
"60jre6xi","JeFEE","anger",0.75
"60jre6xi","JeFEE","disgust",0.75
"60jre6xi","JeFEE","sadness",0.75
"60jre6xi","JeFEE","fear",0.375
"60jre6xi","JeFEE","happiness",0.75
"63q8b4gk","ADFES","surprise",1
"63q8b4gk","ADFES","anger",0.875
"63q8b4gk","ADFES","disgust",1
"63q8b4gk","ADFES","sadness",0.75
"63q8b4gk","ADFES","fear",0.875
"63q8b4gk","ADFES","happiness",1
"63q8b4gk","JeFEE","surprise",0.625
"63q8b4gk","JeFEE","anger",0.875
"63q8b4gk","JeFEE","disgust",0.875
"63q8b4gk","JeFEE","sadness",0.5
"63q8b4gk","JeFEE","fear",0.5
"63q8b4gk","JeFEE","happiness",0.875
"79o97uw1","ADFES","surprise",1
"79o97uw1","ADFES","anger",1
"79o97uw1","ADFES","disgust",0.875
"79o97uw1","ADFES","sadness",0.75
"79o97uw1","ADFES","fear",1
"79o97uw1","ADFES","happiness",0.75
"79o97uw1","JeFEE","surprise",0.25
"79o97uw1","JeFEE","anger",0.625
"79o97uw1","JeFEE","disgust",0.5
"79o97uw1","JeFEE","sadness",0.25
"79o97uw1","JeFEE","fear",0.625
"79o97uw1","JeFEE","happiness",0.375
"7lgboipc","ADFES","surprise",0.875
"7lgboipc","ADFES","anger",0.625
"7lgboipc","ADFES","disgust",0.5
"7lgboipc","ADFES","sadness",0.625
"7lgboipc","ADFES","fear",0.25
"7lgboipc","ADFES","happiness",0.875
"7lgboipc","JeFEE","surprise",0.75
"7lgboipc","JeFEE","anger",0.375
"7lgboipc","JeFEE","disgust",0.375
"7lgboipc","JeFEE","sadness",0.125
"7lgboipc","JeFEE","fear",0.375
"7lgboipc","JeFEE","happiness",0.25
"8jun19d5","ADFES","surprise",1
"8jun19d5","ADFES","anger",0.875
"8jun19d5","ADFES","disgust",0.5
"8jun19d5","ADFES","sadness",0.625
"8jun19d5","ADFES","fear",0.5
"8jun19d5","ADFES","happiness",1
"8jun19d5","JeFEE","surprise",0.75
"8jun19d5","JeFEE","anger",0.625
"8jun19d5","JeFEE","disgust",0.375
"8jun19d5","JeFEE","sadness",0.75
"8jun19d5","JeFEE","fear",0.375
"8jun19d5","JeFEE","happiness",0.5
"8u9fcv0x","ADFES","surprise",1
"8u9fcv0x","ADFES","anger",1
"8u9fcv0x","ADFES","disgust",0.75
"8u9fcv0x","ADFES","sadness",0.625
"8u9fcv0x","ADFES","fear",0.625
"8u9fcv0x","ADFES","happiness",0.625
"8u9fcv0x","JeFEE","surprise",0.5
"8u9fcv0x","JeFEE","anger",0.875
"8u9fcv0x","JeFEE","disgust",0.75
"8u9fcv0x","JeFEE","sadness",0.25
"8u9fcv0x","JeFEE","fear",0.25
"8u9fcv0x","JeFEE","happiness",0.75
"8um8sps9","ADFES","surprise",1
"8um8sps9","ADFES","anger",0.857142857142857
"8um8sps9","ADFES","disgust",0.625
"8um8sps9","ADFES","sadness",0.75
"8um8sps9","ADFES","fear",0.75
"8um8sps9","ADFES","happiness",1
"8um8sps9","JeFEE","surprise",0.625
"8um8sps9","JeFEE","anger",0.875
"8um8sps9","JeFEE","disgust",0.625
"8um8sps9","JeFEE","sadness",0.75
"8um8sps9","JeFEE","fear",0.875
"8um8sps9","JeFEE","happiness",0.5
"8y0jbvqm","ADFES","surprise",1
"8y0jbvqm","ADFES","anger",1
"8y0jbvqm","ADFES","disgust",1
"8y0jbvqm","ADFES","sadness",1
"8y0jbvqm","ADFES","fear",0.25
"8y0jbvqm","ADFES","happiness",1
"8y0jbvqm","JeFEE","surprise",0.75
"8y0jbvqm","JeFEE","anger",0.875
"8y0jbvqm","JeFEE","disgust",0.75
"8y0jbvqm","JeFEE","sadness",0.75
"8y0jbvqm","JeFEE","fear",0.75
"8y0jbvqm","JeFEE","happiness",0.75
"8zijzjdb","ADFES","surprise",1
"8zijzjdb","ADFES","anger",0.5
"8zijzjdb","ADFES","disgust",0.5
"8zijzjdb","ADFES","sadness",0.625
"8zijzjdb","ADFES","fear",0.75
"8zijzjdb","ADFES","happiness",0.625
"8zijzjdb","JeFEE","surprise",0.625
"8zijzjdb","JeFEE","anger",0.5
"8zijzjdb","JeFEE","disgust",0.625
"8zijzjdb","JeFEE","sadness",0.25
"8zijzjdb","JeFEE","fear",0.125
"8zijzjdb","JeFEE","happiness",0.625
"92n34v9a","ADFES","surprise",0.875
"92n34v9a","ADFES","anger",0.875
"92n34v9a","ADFES","disgust",0.875
"92n34v9a","ADFES","sadness",0.625
"92n34v9a","ADFES","fear",0.375
"92n34v9a","ADFES","happiness",0.75
"92n34v9a","JeFEE","surprise",0.625
"92n34v9a","JeFEE","anger",0.875
"92n34v9a","JeFEE","disgust",0.75
"92n34v9a","JeFEE","sadness",0.75
"92n34v9a","JeFEE","fear",0.875
"92n34v9a","JeFEE","happiness",0.5
"92pvi1pq","ADFES","surprise",1
"92pvi1pq","ADFES","anger",1
"92pvi1pq","ADFES","disgust",0.5
"92pvi1pq","ADFES","sadness",0.875
"92pvi1pq","ADFES","fear",0.875
"92pvi1pq","ADFES","happiness",0.875
"92pvi1pq","JeFEE","surprise",0.625
"92pvi1pq","JeFEE","anger",0.875
"92pvi1pq","JeFEE","disgust",0.5
"92pvi1pq","JeFEE","sadness",0.75
"92pvi1pq","JeFEE","fear",0.875
"92pvi1pq","JeFEE","happiness",0.5
"951c6gi6","ADFES","surprise",1
"951c6gi6","ADFES","anger",0.875
"951c6gi6","ADFES","disgust",0.75
"951c6gi6","ADFES","sadness",0.625
"951c6gi6","ADFES","fear",0.375
"951c6gi6","ADFES","happiness",0.875
"951c6gi6","JeFEE","surprise",0
"951c6gi6","JeFEE","anger",0.625
"951c6gi6","JeFEE","disgust",0.875
"951c6gi6","JeFEE","sadness",0
"951c6gi6","JeFEE","fear",0.125
"951c6gi6","JeFEE","happiness",0.625
"988oxs17","ADFES","surprise",0.875
"988oxs17","ADFES","anger",0.875
"988oxs17","ADFES","disgust",0.625
"988oxs17","ADFES","sadness",0.875
"988oxs17","ADFES","fear",1
"988oxs17","ADFES","happiness",1
"988oxs17","JeFEE","surprise",0.625
"988oxs17","JeFEE","anger",0.875
"988oxs17","JeFEE","disgust",0.75
"988oxs17","JeFEE","sadness",0.375
"988oxs17","JeFEE","fear",0.375
"988oxs17","JeFEE","happiness",0.75
"9p4umq2j","ADFES","surprise",1
"9p4umq2j","ADFES","anger",0.625
"9p4umq2j","ADFES","disgust",1
"9p4umq2j","ADFES","sadness",0.625
"9p4umq2j","ADFES","fear",0.5
"9p4umq2j","ADFES","happiness",0.375
"9p4umq2j","JeFEE","surprise",0.75
"9p4umq2j","JeFEE","anger",0.375
"9p4umq2j","JeFEE","disgust",0.5
"9p4umq2j","JeFEE","sadness",0.625
"9p4umq2j","JeFEE","fear",0.5
"9p4umq2j","JeFEE","happiness",0.125
"9wp4tjla","ADFES","surprise",1
"9wp4tjla","ADFES","anger",0.875
"9wp4tjla","ADFES","disgust",0.875
"9wp4tjla","ADFES","sadness",0.75
"9wp4tjla","ADFES","fear",0.75
"9wp4tjla","ADFES","happiness",1
"9wp4tjla","JeFEE","surprise",0.875
"9wp4tjla","JeFEE","anger",1
"9wp4tjla","JeFEE","disgust",0.5
"9wp4tjla","JeFEE","sadness",0.5
"9wp4tjla","JeFEE","fear",0.875
"9wp4tjla","JeFEE","happiness",0.375
"9yltrizp","ADFES","surprise",1
"9yltrizp","ADFES","anger",1
"9yltrizp","ADFES","disgust",1
"9yltrizp","ADFES","sadness",0.75
"9yltrizp","ADFES","fear",0.5
"9yltrizp","ADFES","happiness",0.75
"9yltrizp","JeFEE","surprise",0.625
"9yltrizp","JeFEE","anger",1
"9yltrizp","JeFEE","disgust",0.375
"9yltrizp","JeFEE","sadness",0.625
"9yltrizp","JeFEE","fear",0.5
"9yltrizp","JeFEE","happiness",0.875
"aaal34oe","ADFES","surprise",1
"aaal34oe","ADFES","anger",1
"aaal34oe","ADFES","disgust",1
"aaal34oe","ADFES","sadness",0.75
"aaal34oe","ADFES","fear",0.75
"aaal34oe","ADFES","happiness",0.75
"aaal34oe","JeFEE","surprise",0.75
"aaal34oe","JeFEE","anger",0.714285714285714
"aaal34oe","JeFEE","disgust",0.625
"aaal34oe","JeFEE","sadness",0
"aaal34oe","JeFEE","fear",0.5
"aaal34oe","JeFEE","happiness",0.25
"aqsvfz9l","ADFES","surprise",1
"aqsvfz9l","ADFES","anger",1
"aqsvfz9l","ADFES","disgust",0.75
"aqsvfz9l","ADFES","sadness",0.875
"aqsvfz9l","ADFES","fear",0.875
"aqsvfz9l","ADFES","happiness",1
"aqsvfz9l","JeFEE","surprise",0.625
"aqsvfz9l","JeFEE","anger",0.875
"aqsvfz9l","JeFEE","disgust",1
"aqsvfz9l","JeFEE","sadness",0.375
"aqsvfz9l","JeFEE","fear",0.714285714285714
"aqsvfz9l","JeFEE","happiness",1
"avr4ulis","ADFES","surprise",1
"avr4ulis","ADFES","anger",0.875
"avr4ulis","ADFES","disgust",0.75
"avr4ulis","ADFES","sadness",0.875
"avr4ulis","ADFES","fear",0.5
"avr4ulis","ADFES","happiness",0.75
"avr4ulis","JeFEE","surprise",0.25
"avr4ulis","JeFEE","anger",0
"avr4ulis","JeFEE","disgust",0.125
"avr4ulis","JeFEE","sadness",0.25
"avr4ulis","JeFEE","fear",0
"avr4ulis","JeFEE","happiness",0.25
"b3e2ff37","ADFES","surprise",1
"b3e2ff37","ADFES","anger",1
"b3e2ff37","ADFES","disgust",0.75
"b3e2ff37","ADFES","sadness",0.875
"b3e2ff37","ADFES","fear",0.75
"b3e2ff37","ADFES","happiness",0.875
"b3e2ff37","JeFEE","surprise",0.75
"b3e2ff37","JeFEE","anger",0.75
"b3e2ff37","JeFEE","disgust",1
"b3e2ff37","JeFEE","sadness",0.75
"b3e2ff37","JeFEE","fear",0.25
"b3e2ff37","JeFEE","happiness",0.75
"bd1hytn7","ADFES","surprise",1
"bd1hytn7","ADFES","anger",0
"bd1hytn7","ADFES","disgust",0.75
"bd1hytn7","ADFES","sadness",1
"bd1hytn7","ADFES","fear",0.75
"bd1hytn7","ADFES","happiness",0.5
"bd1hytn7","JeFEE","surprise",0.25
"bd1hytn7","JeFEE","anger",0
"bd1hytn7","JeFEE","disgust",0.75
"bd1hytn7","JeFEE","sadness",0.25
"bd1hytn7","JeFEE","fear",0.75
"bd1hytn7","JeFEE","happiness",0.25
"bs077ax2","ADFES","surprise",1
"bs077ax2","ADFES","anger",0.625
"bs077ax2","ADFES","disgust",0.5
"bs077ax2","ADFES","sadness",1
"bs077ax2","ADFES","fear",0.875
"bs077ax2","ADFES","happiness",0.375
"bs077ax2","JeFEE","surprise",1
"bs077ax2","JeFEE","anger",0.375
"bs077ax2","JeFEE","disgust",0.25
"bs077ax2","JeFEE","sadness",0.25
"bs077ax2","JeFEE","fear",0.375
"bs077ax2","JeFEE","happiness",0.5
"bywpsp3z","ADFES","surprise",1
"bywpsp3z","ADFES","anger",1
"bywpsp3z","ADFES","disgust",0.875
"bywpsp3z","ADFES","sadness",1
"bywpsp3z","ADFES","fear",0.714285714285714
"bywpsp3z","ADFES","happiness",0.75
"bywpsp3z","JeFEE","surprise",0.625
"bywpsp3z","JeFEE","anger",0.875
"bywpsp3z","JeFEE","disgust",0.5
"bywpsp3z","JeFEE","sadness",0.375
"bywpsp3z","JeFEE","fear",0.375
"bywpsp3z","JeFEE","happiness",0.875
"ceeg9oyy","ADFES","surprise",1
"ceeg9oyy","ADFES","anger",0.875
"ceeg9oyy","ADFES","disgust",0.75
"ceeg9oyy","ADFES","sadness",0.875
"ceeg9oyy","ADFES","fear",0.875
"ceeg9oyy","ADFES","happiness",1
"ceeg9oyy","JeFEE","surprise",0.625
"ceeg9oyy","JeFEE","anger",0.875
"ceeg9oyy","JeFEE","disgust",0.25
"ceeg9oyy","JeFEE","sadness",0.75
"ceeg9oyy","JeFEE","fear",0.875
"ceeg9oyy","JeFEE","happiness",1
"cru2t1ba","ADFES","surprise",1
"cru2t1ba","ADFES","anger",1
"cru2t1ba","ADFES","disgust",0.625
"cru2t1ba","ADFES","sadness",0.875
"cru2t1ba","ADFES","fear",0.5
"cru2t1ba","ADFES","happiness",0.625
"cru2t1ba","JeFEE","surprise",0.75
"cru2t1ba","JeFEE","anger",0.75
"cru2t1ba","JeFEE","disgust",0.375
"cru2t1ba","JeFEE","sadness",0.571428571428571
"cru2t1ba","JeFEE","fear",0.25
"cru2t1ba","JeFEE","happiness",0.625
"cwu5v0z3","ADFES","surprise",1
"cwu5v0z3","ADFES","anger",0.875
"cwu5v0z3","ADFES","disgust",1
"cwu5v0z3","ADFES","sadness",0.5
"cwu5v0z3","ADFES","fear",0.875
"cwu5v0z3","ADFES","happiness",0.75
"cwu5v0z3","JeFEE","surprise",0.75
"cwu5v0z3","JeFEE","anger",0.25
"cwu5v0z3","JeFEE","disgust",0.5
"cwu5v0z3","JeFEE","sadness",0.375
"cwu5v0z3","JeFEE","fear",0.625
"cwu5v0z3","JeFEE","happiness",0.625
"cyr153x5","ADFES","surprise",1
"cyr153x5","ADFES","anger",1
"cyr153x5","ADFES","disgust",0.75
"cyr153x5","ADFES","sadness",0.875
"cyr153x5","ADFES","fear",0.375
"cyr153x5","ADFES","happiness",1
"cyr153x5","JeFEE","surprise",0.625
"cyr153x5","JeFEE","anger",0.875
"cyr153x5","JeFEE","disgust",0.375
"cyr153x5","JeFEE","sadness",0.375
"cyr153x5","JeFEE","fear",0.25
"cyr153x5","JeFEE","happiness",0.25
"d86bycx0","ADFES","surprise",1
"d86bycx0","ADFES","anger",0.5
"d86bycx0","ADFES","disgust",0.375
"d86bycx0","ADFES","sadness",0.625
"d86bycx0","ADFES","fear",0.875
"d86bycx0","ADFES","happiness",0.625
"d86bycx0","JeFEE","surprise",0.625
"d86bycx0","JeFEE","anger",0.75
"d86bycx0","JeFEE","disgust",0.875
"d86bycx0","JeFEE","sadness",0.375
"d86bycx0","JeFEE","fear",0.714285714285714
"d86bycx0","JeFEE","happiness",0.25
"ddhzvuk9","ADFES","surprise",0.75
"ddhzvuk9","ADFES","anger",0.75
"ddhzvuk9","ADFES","disgust",0.875
"ddhzvuk9","ADFES","sadness",0.75
"ddhzvuk9","ADFES","fear",1
"ddhzvuk9","ADFES","happiness",1
"ddhzvuk9","JeFEE","surprise",0.375
"ddhzvuk9","JeFEE","anger",1
"ddhzvuk9","JeFEE","disgust",0.75
"ddhzvuk9","JeFEE","sadness",0.5
"ddhzvuk9","JeFEE","fear",0.625
"ddhzvuk9","JeFEE","happiness",0.625
"de5z1n9p","ADFES","surprise",0.75
"de5z1n9p","ADFES","anger",1
"de5z1n9p","ADFES","disgust",0.875
"de5z1n9p","ADFES","sadness",1
"de5z1n9p","ADFES","fear",0.75
"de5z1n9p","ADFES","happiness",1
"de5z1n9p","JeFEE","surprise",0.875
"de5z1n9p","JeFEE","anger",0.625
"de5z1n9p","JeFEE","disgust",0.75
"de5z1n9p","JeFEE","sadness",0.625
"de5z1n9p","JeFEE","fear",0.375
"de5z1n9p","JeFEE","happiness",0.875
"eegrig2e","ADFES","surprise",1
"eegrig2e","ADFES","anger",0.625
"eegrig2e","ADFES","disgust",0.625
"eegrig2e","ADFES","sadness",0.875
"eegrig2e","ADFES","fear",0.75
"eegrig2e","ADFES","happiness",0.875
"eegrig2e","JeFEE","surprise",0.625
"eegrig2e","JeFEE","anger",0.75
"eegrig2e","JeFEE","disgust",0.375
"eegrig2e","JeFEE","sadness",0.5
"eegrig2e","JeFEE","fear",0.625
"eegrig2e","JeFEE","happiness",0.5
"eu8fkf5c","ADFES","surprise",1
"eu8fkf5c","ADFES","anger",0.875
"eu8fkf5c","ADFES","disgust",0.5
"eu8fkf5c","ADFES","sadness",1
"eu8fkf5c","ADFES","fear",0.875
"eu8fkf5c","ADFES","happiness",1
"eu8fkf5c","JeFEE","surprise",0.625
"eu8fkf5c","JeFEE","anger",0.875
"eu8fkf5c","JeFEE","disgust",0.625
"eu8fkf5c","JeFEE","sadness",0.625
"eu8fkf5c","JeFEE","fear",0.875
"eu8fkf5c","JeFEE","happiness",0.75
"f0l877j4","ADFES","surprise",1
"f0l877j4","ADFES","anger",1
"f0l877j4","ADFES","disgust",0.625
"f0l877j4","ADFES","sadness",1
"f0l877j4","ADFES","fear",0.625
"f0l877j4","ADFES","happiness",0.857142857142857
"f0l877j4","JeFEE","surprise",0.25
"f0l877j4","JeFEE","anger",0.5
"f0l877j4","JeFEE","disgust",0.625
"f0l877j4","JeFEE","sadness",0.5
"f0l877j4","JeFEE","fear",0.5
"f0l877j4","JeFEE","happiness",0.625
"f3amrgcj","ADFES","surprise",1
"f3amrgcj","ADFES","anger",1
"f3amrgcj","ADFES","disgust",0.625
"f3amrgcj","ADFES","sadness",0.875
"f3amrgcj","ADFES","fear",1
"f3amrgcj","ADFES","happiness",0.75
"f3amrgcj","JeFEE","surprise",0.285714285714286
"f3amrgcj","JeFEE","anger",0.625
"f3amrgcj","JeFEE","disgust",0.25
"f3amrgcj","JeFEE","sadness",0.125
"f3amrgcj","JeFEE","fear",0.25
"f3amrgcj","JeFEE","happiness",0.5
"f71rfhei","ADFES","surprise",1
"f71rfhei","ADFES","anger",0.857142857142857
"f71rfhei","ADFES","disgust",0.875
"f71rfhei","ADFES","sadness",1
"f71rfhei","ADFES","fear",0.875
"f71rfhei","ADFES","happiness",0.75
"f71rfhei","JeFEE","surprise",0.625
"f71rfhei","JeFEE","anger",0.857142857142857
"f71rfhei","JeFEE","disgust",0.75
"f71rfhei","JeFEE","sadness",0.5
"f71rfhei","JeFEE","fear",0.625
"f71rfhei","JeFEE","happiness",0.875
"fexy1r4z","ADFES","surprise",0.75
"fexy1r4z","ADFES","anger",0.166666666666667
"fexy1r4z","ADFES","disgust",0.75
"fexy1r4z","ADFES","sadness",0.714285714285714
"fexy1r4z","ADFES","fear",0.285714285714286
"fexy1r4z","ADFES","happiness",0.428571428571429
"fexy1r4z","JeFEE","surprise",0
"fexy1r4z","JeFEE","anger",0.25
"fexy1r4z","JeFEE","disgust",0.5
"fexy1r4z","JeFEE","sadness",0.142857142857143
"fexy1r4z","JeFEE","fear",0
"fexy1r4z","JeFEE","happiness",0.5
"fkrn6z2h","ADFES","surprise",1
"fkrn6z2h","ADFES","anger",1
"fkrn6z2h","ADFES","disgust",0.75
"fkrn6z2h","ADFES","sadness",0.75
"fkrn6z2h","ADFES","fear",0.875
"fkrn6z2h","ADFES","happiness",0.875
"fkrn6z2h","JeFEE","surprise",0.5
"fkrn6z2h","JeFEE","anger",0.75
"fkrn6z2h","JeFEE","disgust",0.75
"fkrn6z2h","JeFEE","sadness",0
"fkrn6z2h","JeFEE","fear",0.625
"fkrn6z2h","JeFEE","happiness",0.25
"fmjv8ry8","ADFES","surprise",1
"fmjv8ry8","ADFES","anger",0.75
"fmjv8ry8","ADFES","disgust",0.125
"fmjv8ry8","ADFES","sadness",0.875
"fmjv8ry8","ADFES","fear",0.5
"fmjv8ry8","ADFES","happiness",1
"fmjv8ry8","JeFEE","surprise",0.375
"fmjv8ry8","JeFEE","anger",0.625
"fmjv8ry8","JeFEE","disgust",0.625
"fmjv8ry8","JeFEE","sadness",0.5
"fmjv8ry8","JeFEE","fear",0.375
"fmjv8ry8","JeFEE","happiness",0.5
"frd19iku","ADFES","surprise",1
"frd19iku","ADFES","anger",0.75
"frd19iku","ADFES","disgust",0.875
"frd19iku","ADFES","sadness",0.75
"frd19iku","ADFES","fear",0.5
"frd19iku","ADFES","happiness",1
"frd19iku","JeFEE","surprise",0.125
"frd19iku","JeFEE","anger",0.375
"frd19iku","JeFEE","disgust",0.875
"frd19iku","JeFEE","sadness",0.5
"frd19iku","JeFEE","fear",0.625
"frd19iku","JeFEE","happiness",0.5
"g7790rx3","ADFES","surprise",1
"g7790rx3","ADFES","anger",0.875
"g7790rx3","ADFES","disgust",1
"g7790rx3","ADFES","sadness",0.875
"g7790rx3","ADFES","fear",1
"g7790rx3","ADFES","happiness",0.75
"g7790rx3","JeFEE","surprise",0.75
"g7790rx3","JeFEE","anger",0.75
"g7790rx3","JeFEE","disgust",0.5
"g7790rx3","JeFEE","sadness",0.5
"g7790rx3","JeFEE","fear",0.875
"g7790rx3","JeFEE","happiness",0
"gexhmc79","ADFES","surprise",0.75
"gexhmc79","ADFES","anger",0.875
"gexhmc79","ADFES","disgust",0.75
"gexhmc79","ADFES","sadness",0.875
"gexhmc79","ADFES","fear",0.75
"gexhmc79","ADFES","happiness",0.625
"gexhmc79","JeFEE","surprise",0
"gexhmc79","JeFEE","anger",0.75
"gexhmc79","JeFEE","disgust",0.25
"gexhmc79","JeFEE","sadness",0.5
"gexhmc79","JeFEE","fear",0.625
"gexhmc79","JeFEE","happiness",0.625
"hdq8xswj","ADFES","surprise",0.625
"hdq8xswj","ADFES","anger",0.75
"hdq8xswj","ADFES","disgust",0.875
"hdq8xswj","ADFES","sadness",0.875
"hdq8xswj","ADFES","fear",0.375
"hdq8xswj","ADFES","happiness",0.75
"hdq8xswj","JeFEE","surprise",0.5
"hdq8xswj","JeFEE","anger",0.625
"hdq8xswj","JeFEE","disgust",0.25
"hdq8xswj","JeFEE","sadness",0.625
"hdq8xswj","JeFEE","fear",0.375
"hdq8xswj","JeFEE","happiness",0.375
"hnn1eyik","ADFES","surprise",1
"hnn1eyik","ADFES","anger",1
"hnn1eyik","ADFES","disgust",0.75
"hnn1eyik","ADFES","sadness",0.875
"hnn1eyik","ADFES","fear",1
"hnn1eyik","ADFES","happiness",1
"hnn1eyik","JeFEE","surprise",0.375
"hnn1eyik","JeFEE","anger",0.75
"hnn1eyik","JeFEE","disgust",0.25
"hnn1eyik","JeFEE","sadness",0.875
"hnn1eyik","JeFEE","fear",1
"hnn1eyik","JeFEE","happiness",0.875
"hpndbzh9","ADFES","surprise",1
"hpndbzh9","ADFES","anger",0.75
"hpndbzh9","ADFES","disgust",0.5
"hpndbzh9","ADFES","sadness",0.625
"hpndbzh9","ADFES","fear",0.25
"hpndbzh9","ADFES","happiness",0.875
"hpndbzh9","JeFEE","surprise",0.25
"hpndbzh9","JeFEE","anger",0.5
"hpndbzh9","JeFEE","disgust",0.25
"hpndbzh9","JeFEE","sadness",0.125
"hpndbzh9","JeFEE","fear",0.25
"hpndbzh9","JeFEE","happiness",0.375
"hq365287","ADFES","surprise",1
"hq365287","ADFES","anger",0.5
"hq365287","ADFES","disgust",0.625
"hq365287","ADFES","sadness",0.375
"hq365287","ADFES","fear",0.75
"hq365287","ADFES","happiness",0.625
"hq365287","JeFEE","surprise",0.5
"hq365287","JeFEE","anger",0.25
"hq365287","JeFEE","disgust",0.625
"hq365287","JeFEE","sadness",0
"hq365287","JeFEE","fear",0.285714285714286
"hq365287","JeFEE","happiness",0
"hwvdllev","ADFES","surprise",0.875
"hwvdllev","ADFES","anger",0.875
"hwvdllev","ADFES","disgust",0.875
"hwvdllev","ADFES","sadness",0.625
"hwvdllev","ADFES","fear",0.875
"hwvdllev","ADFES","happiness",0.75
"hwvdllev","JeFEE","surprise",0.375
"hwvdllev","JeFEE","anger",0.75
"hwvdllev","JeFEE","disgust",0
"hwvdllev","JeFEE","sadness",0.5
"hwvdllev","JeFEE","fear",0.25
"hwvdllev","JeFEE","happiness",0
"i6jntqic","ADFES","surprise",0.875
"i6jntqic","ADFES","anger",0.875
"i6jntqic","ADFES","disgust",1
"i6jntqic","ADFES","sadness",0.875
"i6jntqic","ADFES","fear",0.375
"i6jntqic","ADFES","happiness",0.625
"i6jntqic","JeFEE","surprise",0.25
"i6jntqic","JeFEE","anger",0.625
"i6jntqic","JeFEE","disgust",0.375
"i6jntqic","JeFEE","sadness",0.75
"i6jntqic","JeFEE","fear",0.625
"i6jntqic","JeFEE","happiness",0.25
"ig6tayxh","ADFES","surprise",1
"ig6tayxh","ADFES","anger",0.75
"ig6tayxh","ADFES","disgust",0.875
"ig6tayxh","ADFES","sadness",0.875
"ig6tayxh","ADFES","fear",0.875
"ig6tayxh","ADFES","happiness",1
"ig6tayxh","JeFEE","surprise",1
"ig6tayxh","JeFEE","anger",0.5
"ig6tayxh","JeFEE","disgust",0.25
"ig6tayxh","JeFEE","sadness",0.625
"ig6tayxh","JeFEE","fear",0.125
"ig6tayxh","JeFEE","happiness",1
"ii08kyt7","ADFES","surprise",0.875
"ii08kyt7","ADFES","anger",0.75
"ii08kyt7","ADFES","disgust",0.875
"ii08kyt7","ADFES","sadness",0.75
"ii08kyt7","ADFES","fear",0.75
"ii08kyt7","ADFES","happiness",0.625
"ii08kyt7","JeFEE","surprise",0.75
"ii08kyt7","JeFEE","anger",0.625
"ii08kyt7","JeFEE","disgust",0.75
"ii08kyt7","JeFEE","sadness",0.5
"ii08kyt7","JeFEE","fear",0.75
"ii08kyt7","JeFEE","happiness",0.5
"iisgv5ob","ADFES","surprise",0.875
"iisgv5ob","ADFES","anger",0.875
"iisgv5ob","ADFES","disgust",0.714285714285714
"iisgv5ob","ADFES","sadness",1
"iisgv5ob","ADFES","fear",0.625
"iisgv5ob","ADFES","happiness",1
"iisgv5ob","JeFEE","surprise",0.875
"iisgv5ob","JeFEE","anger",0.875
"iisgv5ob","JeFEE","disgust",0.75
"iisgv5ob","JeFEE","sadness",0.625
"iisgv5ob","JeFEE","fear",0.75
"iisgv5ob","JeFEE","happiness",0.75
"ix2h2wzp","ADFES","surprise",0.875
"ix2h2wzp","ADFES","anger",1
"ix2h2wzp","ADFES","disgust",0.875
"ix2h2wzp","ADFES","sadness",0.875
"ix2h2wzp","ADFES","fear",0.75
"ix2h2wzp","ADFES","happiness",0.875
"ix2h2wzp","JeFEE","surprise",0.25
"ix2h2wzp","JeFEE","anger",0.5
"ix2h2wzp","JeFEE","disgust",0.625
"ix2h2wzp","JeFEE","sadness",0.125
"ix2h2wzp","JeFEE","fear",0.5
"ix2h2wzp","JeFEE","happiness",0.75
"j126wcyc","ADFES","surprise",0.875
"j126wcyc","ADFES","anger",0.875
"j126wcyc","ADFES","disgust",1
"j126wcyc","ADFES","sadness",0.625
"j126wcyc","ADFES","fear",0.875
"j126wcyc","ADFES","happiness",0.625
"j126wcyc","JeFEE","surprise",0.25
"j126wcyc","JeFEE","anger",0.625
"j126wcyc","JeFEE","disgust",0.75
"j126wcyc","JeFEE","sadness",0.375
"j126wcyc","JeFEE","fear",0.75
"j126wcyc","JeFEE","happiness",0.25
"j29qyzxg","ADFES","surprise",1
"j29qyzxg","ADFES","anger",1
"j29qyzxg","ADFES","disgust",0.5
"j29qyzxg","ADFES","sadness",0.625
"j29qyzxg","ADFES","fear",0.375
"j29qyzxg","ADFES","happiness",0.875
"j29qyzxg","JeFEE","surprise",0.625
"j29qyzxg","JeFEE","anger",0.875
"j29qyzxg","JeFEE","disgust",0.625
"j29qyzxg","JeFEE","sadness",1
"j29qyzxg","JeFEE","fear",0.5
"j29qyzxg","JeFEE","happiness",0.75
"je3rjmi2","ADFES","surprise",1
"je3rjmi2","ADFES","anger",1
"je3rjmi2","ADFES","disgust",0.75
"je3rjmi2","ADFES","sadness",1
"je3rjmi2","ADFES","fear",0.5
"je3rjmi2","ADFES","happiness",0.875
"je3rjmi2","JeFEE","surprise",0.625
"je3rjmi2","JeFEE","anger",0.875
"je3rjmi2","JeFEE","disgust",0.25
"je3rjmi2","JeFEE","sadness",0.875
"je3rjmi2","JeFEE","fear",0.5
"je3rjmi2","JeFEE","happiness",1
"ji2rd390","ADFES","surprise",1
"ji2rd390","ADFES","anger",1
"ji2rd390","ADFES","disgust",0.625
"ji2rd390","ADFES","sadness",0.75
"ji2rd390","ADFES","fear",0.25
"ji2rd390","ADFES","happiness",1
"ji2rd390","JeFEE","surprise",0.625
"ji2rd390","JeFEE","anger",0.75
"ji2rd390","JeFEE","disgust",0.75
"ji2rd390","JeFEE","sadness",0.5
"ji2rd390","JeFEE","fear",0.875
"ji2rd390","JeFEE","happiness",0.5
"jktqr01i","ADFES","surprise",0.5
"jktqr01i","ADFES","anger",0.875
"jktqr01i","ADFES","disgust",0.25
"jktqr01i","ADFES","sadness",0.75
"jktqr01i","ADFES","fear",0.375
"jktqr01i","ADFES","happiness",0.75
"jktqr01i","JeFEE","surprise",0.625
"jktqr01i","JeFEE","anger",0.875
"jktqr01i","JeFEE","disgust",0.25
"jktqr01i","JeFEE","sadness",1
"jktqr01i","JeFEE","fear",0.625
"jktqr01i","JeFEE","happiness",0.25
"jv3dj12y","ADFES","surprise",1
"jv3dj12y","ADFES","anger",1
"jv3dj12y","ADFES","disgust",1
"jv3dj12y","ADFES","sadness",0.75
"jv3dj12y","ADFES","fear",0.5
"jv3dj12y","ADFES","happiness",0.875
"jv3dj12y","JeFEE","surprise",0.75
"jv3dj12y","JeFEE","anger",0.625
"jv3dj12y","JeFEE","disgust",0.5
"jv3dj12y","JeFEE","sadness",0.25
"jv3dj12y","JeFEE","fear",0.75
"jv3dj12y","JeFEE","happiness",0.375
"l35gju5h","ADFES","surprise",1
"l35gju5h","ADFES","anger",1
"l35gju5h","ADFES","disgust",0.875
"l35gju5h","ADFES","sadness",0.875
"l35gju5h","ADFES","fear",0.875
"l35gju5h","ADFES","happiness",1
"l35gju5h","JeFEE","surprise",0.75
"l35gju5h","JeFEE","anger",0.5
"l35gju5h","JeFEE","disgust",0.125
"l35gju5h","JeFEE","sadness",0.5
"l35gju5h","JeFEE","fear",0.375
"l35gju5h","JeFEE","happiness",0.285714285714286
"lhe9lp4f","ADFES","surprise",1
"lhe9lp4f","ADFES","anger",1
"lhe9lp4f","ADFES","disgust",0.75
"lhe9lp4f","ADFES","sadness",1
"lhe9lp4f","ADFES","fear",0.75
"lhe9lp4f","ADFES","happiness",0.875
"lhe9lp4f","JeFEE","surprise",0.75
"lhe9lp4f","JeFEE","anger",0.75
"lhe9lp4f","JeFEE","disgust",0.625
"lhe9lp4f","JeFEE","sadness",0.5
"lhe9lp4f","JeFEE","fear",0.125
"lhe9lp4f","JeFEE","happiness",0.375
"mb9ge3oi","ADFES","surprise",1
"mb9ge3oi","ADFES","anger",0.75
"mb9ge3oi","ADFES","disgust",0.625
"mb9ge3oi","ADFES","sadness",0.75
"mb9ge3oi","ADFES","fear",0.625
"mb9ge3oi","ADFES","happiness",0.5
"mb9ge3oi","JeFEE","surprise",0.5
"mb9ge3oi","JeFEE","anger",0.375
"mb9ge3oi","JeFEE","disgust",0.375
"mb9ge3oi","JeFEE","sadness",0.375
"mb9ge3oi","JeFEE","fear",0.285714285714286
"mb9ge3oi","JeFEE","happiness",0.25
"mcv912fz","ADFES","surprise",1
"mcv912fz","ADFES","anger",1
"mcv912fz","ADFES","disgust",0.75
"mcv912fz","ADFES","sadness",0.875
"mcv912fz","ADFES","fear",0.375
"mcv912fz","ADFES","happiness",0.75
"mcv912fz","JeFEE","surprise",0.5
"mcv912fz","JeFEE","anger",0.625
"mcv912fz","JeFEE","disgust",0.285714285714286
"mcv912fz","JeFEE","sadness",0.625
"mcv912fz","JeFEE","fear",0.375
"mcv912fz","JeFEE","happiness",0.875
"mh056tf9","ADFES","surprise",0.875
"mh056tf9","ADFES","anger",1
"mh056tf9","ADFES","disgust",0.625
"mh056tf9","ADFES","sadness",0.875
"mh056tf9","ADFES","fear",0.875
"mh056tf9","ADFES","happiness",1
"mh056tf9","JeFEE","surprise",0.75
"mh056tf9","JeFEE","anger",1
"mh056tf9","JeFEE","disgust",0.125
"mh056tf9","JeFEE","sadness",0.625
"mh056tf9","JeFEE","fear",0.5
"mh056tf9","JeFEE","happiness",0.75
"mpy5eqe2","ADFES","surprise",1
"mpy5eqe2","ADFES","anger",0.875
"mpy5eqe2","ADFES","disgust",0.5
"mpy5eqe2","ADFES","sadness",1
"mpy5eqe2","ADFES","fear",1
"mpy5eqe2","ADFES","happiness",0.75
"mpy5eqe2","JeFEE","surprise",0.625
"mpy5eqe2","JeFEE","anger",0.75
"mpy5eqe2","JeFEE","disgust",0.875
"mpy5eqe2","JeFEE","sadness",0.625
"mpy5eqe2","JeFEE","fear",1
"mpy5eqe2","JeFEE","happiness",0.5
"mvxomygc","ADFES","surprise",1
"mvxomygc","ADFES","anger",1
"mvxomygc","ADFES","disgust",1
"mvxomygc","ADFES","sadness",1
"mvxomygc","ADFES","fear",0.875
"mvxomygc","ADFES","happiness",1
"mvxomygc","JeFEE","surprise",0.875
"mvxomygc","JeFEE","anger",1
"mvxomygc","JeFEE","disgust",0.75
"mvxomygc","JeFEE","sadness",0.5
"mvxomygc","JeFEE","fear",1
"mvxomygc","JeFEE","happiness",0.875
"mylb0v9w","ADFES","surprise",1
"mylb0v9w","ADFES","anger",1
"mylb0v9w","ADFES","disgust",0.5
"mylb0v9w","ADFES","sadness",0.875
"mylb0v9w","ADFES","fear",0.25
"mylb0v9w","ADFES","happiness",1
"mylb0v9w","JeFEE","surprise",0.75
"mylb0v9w","JeFEE","anger",0.625
"mylb0v9w","JeFEE","disgust",0.625
"mylb0v9w","JeFEE","sadness",0.285714285714286
"mylb0v9w","JeFEE","fear",0.25
"mylb0v9w","JeFEE","happiness",0.125
"n5dsmkhd","ADFES","surprise",1
"n5dsmkhd","ADFES","anger",1
"n5dsmkhd","ADFES","disgust",0.625
"n5dsmkhd","ADFES","sadness",0.75
"n5dsmkhd","ADFES","fear",0.75
"n5dsmkhd","ADFES","happiness",1
"n5dsmkhd","JeFEE","surprise",0.875
"n5dsmkhd","JeFEE","anger",0.625
"n5dsmkhd","JeFEE","disgust",0.5
"n5dsmkhd","JeFEE","sadness",0
"n5dsmkhd","JeFEE","fear",0.625
"n5dsmkhd","JeFEE","happiness",0.625
"n7yv68im","ADFES","surprise",1
"n7yv68im","ADFES","anger",0.857142857142857
"n7yv68im","ADFES","disgust",1
"n7yv68im","ADFES","sadness",0.875
"n7yv68im","ADFES","fear",0.625
"n7yv68im","ADFES","happiness",0.875
"n7yv68im","JeFEE","surprise",1
"n7yv68im","JeFEE","anger",0.625
"n7yv68im","JeFEE","disgust",0.285714285714286
"n7yv68im","JeFEE","sadness",0.25
"n7yv68im","JeFEE","fear",0
"n7yv68im","JeFEE","happiness",0.25
"nkcfvk3e","ADFES","surprise",1
"nkcfvk3e","ADFES","anger",0.875
"nkcfvk3e","ADFES","disgust",0.75
"nkcfvk3e","ADFES","sadness",0.75
"nkcfvk3e","ADFES","fear",0.75
"nkcfvk3e","ADFES","happiness",0.875
"nkcfvk3e","JeFEE","surprise",0.75
"nkcfvk3e","JeFEE","anger",0.875
"nkcfvk3e","JeFEE","disgust",0.375
"nkcfvk3e","JeFEE","sadness",0.625
"nkcfvk3e","JeFEE","fear",0.5
"nkcfvk3e","JeFEE","happiness",0.375
"o2z7pip6","ADFES","surprise",0.875
"o2z7pip6","ADFES","anger",0.625
"o2z7pip6","ADFES","disgust",0.5
"o2z7pip6","ADFES","sadness",0.875
"o2z7pip6","ADFES","fear",0.5
"o2z7pip6","ADFES","happiness",1
"o2z7pip6","JeFEE","surprise",0.5
"o2z7pip6","JeFEE","anger",0.875
"o2z7pip6","JeFEE","disgust",0.75
"o2z7pip6","JeFEE","sadness",0.75
"o2z7pip6","JeFEE","fear",0.75
"o2z7pip6","JeFEE","happiness",0.625
"orbkyveq","ADFES","surprise",1
"orbkyveq","ADFES","anger",1
"orbkyveq","ADFES","disgust",1
"orbkyveq","ADFES","sadness",1
"orbkyveq","ADFES","fear",1
"orbkyveq","ADFES","happiness",0.875
"orbkyveq","JeFEE","surprise",0.75
"orbkyveq","JeFEE","anger",0.5
"orbkyveq","JeFEE","disgust",0.375
"orbkyveq","JeFEE","sadness",0.375
"orbkyveq","JeFEE","fear",0.875
"orbkyveq","JeFEE","happiness",0.375
"ot2a67oz","ADFES","surprise",1
"ot2a67oz","ADFES","anger",1
"ot2a67oz","ADFES","disgust",1
"ot2a67oz","ADFES","sadness",1
"ot2a67oz","ADFES","fear",1
"ot2a67oz","ADFES","happiness",0.75
"ot2a67oz","JeFEE","surprise",0.5
"ot2a67oz","JeFEE","anger",0.75
"ot2a67oz","JeFEE","disgust",0.25
"ot2a67oz","JeFEE","sadness",0.375
"ot2a67oz","JeFEE","fear",0.375
"ot2a67oz","JeFEE","happiness",0
"pazaw89c","ADFES","surprise",1
"pazaw89c","ADFES","anger",1
"pazaw89c","ADFES","disgust",0.25
"pazaw89c","ADFES","sadness",0.75
"pazaw89c","ADFES","fear",0.875
"pazaw89c","ADFES","happiness",0.75
"pazaw89c","JeFEE","surprise",0.75
"pazaw89c","JeFEE","anger",0.75
"pazaw89c","JeFEE","disgust",0.625
"pazaw89c","JeFEE","sadness",0.571428571428571
"pazaw89c","JeFEE","fear",0.875
"pazaw89c","JeFEE","happiness",0.25
"q22rvuoa","ADFES","surprise",1
"q22rvuoa","ADFES","anger",1
"q22rvuoa","ADFES","disgust",0.75
"q22rvuoa","ADFES","sadness",1
"q22rvuoa","ADFES","fear",0.875
"q22rvuoa","ADFES","happiness",0.875
"q22rvuoa","JeFEE","surprise",0.5
"q22rvuoa","JeFEE","anger",0.75
"q22rvuoa","JeFEE","disgust",0.25
"q22rvuoa","JeFEE","sadness",0.75
"q22rvuoa","JeFEE","fear",0.5
"q22rvuoa","JeFEE","happiness",0.875
"qacnye5g","ADFES","surprise",0.875
"qacnye5g","ADFES","anger",0.875
"qacnye5g","ADFES","disgust",0.875
"qacnye5g","ADFES","sadness",1
"qacnye5g","ADFES","fear",0.875
"qacnye5g","ADFES","happiness",1
"qacnye5g","JeFEE","surprise",0.375
"qacnye5g","JeFEE","anger",0.875
"qacnye5g","JeFEE","disgust",0.375
"qacnye5g","JeFEE","sadness",0.5
"qacnye5g","JeFEE","fear",0.625
"qacnye5g","JeFEE","happiness",0.5
"r362zfk9","ADFES","surprise",1
"r362zfk9","ADFES","anger",0.625
"r362zfk9","ADFES","disgust",1
"r362zfk9","ADFES","sadness",0.75
"r362zfk9","ADFES","fear",0.625
"r362zfk9","ADFES","happiness",0.75
"r362zfk9","JeFEE","surprise",0.285714285714286
"r362zfk9","JeFEE","anger",0.875
"r362zfk9","JeFEE","disgust",0.5
"r362zfk9","JeFEE","sadness",0.125
"r362zfk9","JeFEE","fear",0.375
"r362zfk9","JeFEE","happiness",0.285714285714286
"s0nlid8m","ADFES","surprise",1
"s0nlid8m","ADFES","anger",0.875
"s0nlid8m","ADFES","disgust",0.875
"s0nlid8m","ADFES","sadness",0.75
"s0nlid8m","ADFES","fear",0.5
"s0nlid8m","ADFES","happiness",1
"s0nlid8m","JeFEE","surprise",0.375
"s0nlid8m","JeFEE","anger",0.75
"s0nlid8m","JeFEE","disgust",0.75
"s0nlid8m","JeFEE","sadness",0.142857142857143
"s0nlid8m","JeFEE","fear",0.5
"s0nlid8m","JeFEE","happiness",0.125
"sm064jgm","ADFES","surprise",1
"sm064jgm","ADFES","anger",0.875
"sm064jgm","ADFES","disgust",0.5
"sm064jgm","ADFES","sadness",0.875
"sm064jgm","ADFES","fear",0.625
"sm064jgm","ADFES","happiness",0.375
"sm064jgm","JeFEE","surprise",0.75
"sm064jgm","JeFEE","anger",0.375
"sm064jgm","JeFEE","disgust",0.5
"sm064jgm","JeFEE","sadness",1
"sm064jgm","JeFEE","fear",0.75
"sm064jgm","JeFEE","happiness",0.5
"so42f37a","ADFES","surprise",1
"so42f37a","ADFES","anger",1
"so42f37a","ADFES","disgust",1
"so42f37a","ADFES","sadness",0.375
"so42f37a","ADFES","fear",0.625
"so42f37a","ADFES","happiness",0.75
"so42f37a","JeFEE","surprise",0.625
"so42f37a","JeFEE","anger",0.625
"so42f37a","JeFEE","disgust",0.25
"so42f37a","JeFEE","sadness",0.375
"so42f37a","JeFEE","fear",0.5
"so42f37a","JeFEE","happiness",0.75
"t10d4kgz","ADFES","surprise",1
"t10d4kgz","ADFES","anger",0.875
"t10d4kgz","ADFES","disgust",1
"t10d4kgz","ADFES","sadness",0.875
"t10d4kgz","ADFES","fear",1
"t10d4kgz","ADFES","happiness",0.875
"t10d4kgz","JeFEE","surprise",0.375
"t10d4kgz","JeFEE","anger",0.75
"t10d4kgz","JeFEE","disgust",0.625
"t10d4kgz","JeFEE","sadness",0.375
"t10d4kgz","JeFEE","fear",0.875
"t10d4kgz","JeFEE","happiness",0.875
"t1vpm2x9","ADFES","surprise",1
"t1vpm2x9","ADFES","anger",1
"t1vpm2x9","ADFES","disgust",1
"t1vpm2x9","ADFES","sadness",1
"t1vpm2x9","ADFES","fear",0.625
"t1vpm2x9","ADFES","happiness",0.5
"t1vpm2x9","JeFEE","surprise",0.625
"t1vpm2x9","JeFEE","anger",0.714285714285714
"t1vpm2x9","JeFEE","disgust",0.75
"t1vpm2x9","JeFEE","sadness",0.125
"t1vpm2x9","JeFEE","fear",0.625
"t1vpm2x9","JeFEE","happiness",0.375
"tdi70eu6","ADFES","surprise",0.875
"tdi70eu6","ADFES","anger",1
"tdi70eu6","ADFES","disgust",0.875
"tdi70eu6","ADFES","sadness",1
"tdi70eu6","ADFES","fear",0.625
"tdi70eu6","ADFES","happiness",0.875
"tdi70eu6","JeFEE","surprise",0.625
"tdi70eu6","JeFEE","anger",0.625
"tdi70eu6","JeFEE","disgust",0.5
"tdi70eu6","JeFEE","sadness",0.375
"tdi70eu6","JeFEE","fear",0
"tdi70eu6","JeFEE","happiness",0.625
"tebmtd92","ADFES","surprise",1
"tebmtd92","ADFES","anger",0.875
"tebmtd92","ADFES","disgust",0.75
"tebmtd92","ADFES","sadness",0.625
"tebmtd92","ADFES","fear",0.375
"tebmtd92","ADFES","happiness",0.75
"tebmtd92","JeFEE","surprise",0.375
"tebmtd92","JeFEE","anger",0.625
"tebmtd92","JeFEE","disgust",0.75
"tebmtd92","JeFEE","sadness",0.125
"tebmtd92","JeFEE","fear",0.625
"tebmtd92","JeFEE","happiness",0.625
"tie104rp","ADFES","surprise",1
"tie104rp","ADFES","anger",1
"tie104rp","ADFES","disgust",1
"tie104rp","ADFES","sadness",0.875
"tie104rp","ADFES","fear",0.625
"tie104rp","ADFES","happiness",1
"tie104rp","JeFEE","surprise",0.875
"tie104rp","JeFEE","anger",1
"tie104rp","JeFEE","disgust",0.625
"tie104rp","JeFEE","sadness",0.625
"tie104rp","JeFEE","fear",0.125
"tie104rp","JeFEE","happiness",0.875
"to4qz7t0","ADFES","surprise",1
"to4qz7t0","ADFES","anger",0.875
"to4qz7t0","ADFES","disgust",1
"to4qz7t0","ADFES","sadness",0.875
"to4qz7t0","ADFES","fear",0.875
"to4qz7t0","ADFES","happiness",1
"to4qz7t0","JeFEE","surprise",0.25
"to4qz7t0","JeFEE","anger",0.75
"to4qz7t0","JeFEE","disgust",0.75
"to4qz7t0","JeFEE","sadness",0
"to4qz7t0","JeFEE","fear",0.875
"to4qz7t0","JeFEE","happiness",0.375
"tvhruw8t","ADFES","surprise",1
"tvhruw8t","ADFES","anger",1
"tvhruw8t","ADFES","disgust",0.875
"tvhruw8t","ADFES","sadness",0.75
"tvhruw8t","ADFES","fear",0.625
"tvhruw8t","ADFES","happiness",0.5
"tvhruw8t","JeFEE","surprise",1
"tvhruw8t","JeFEE","anger",0.75
"tvhruw8t","JeFEE","disgust",0.75
"tvhruw8t","JeFEE","sadness",0.25
"tvhruw8t","JeFEE","fear",0.375
"tvhruw8t","JeFEE","happiness",0.5
"ug4upoq8","ADFES","surprise",1
"ug4upoq8","ADFES","anger",1
"ug4upoq8","ADFES","disgust",1
"ug4upoq8","ADFES","sadness",0.875
"ug4upoq8","ADFES","fear",0.75
"ug4upoq8","ADFES","happiness",1
"ug4upoq8","JeFEE","surprise",0.75
"ug4upoq8","JeFEE","anger",0.625
"ug4upoq8","JeFEE","disgust",0.428571428571429
"ug4upoq8","JeFEE","sadness",0.75
"ug4upoq8","JeFEE","fear",0.875
"ug4upoq8","JeFEE","happiness",0.625
"upk4mqeg","ADFES","surprise",1
"upk4mqeg","ADFES","anger",1
"upk4mqeg","ADFES","disgust",1
"upk4mqeg","ADFES","sadness",0.875
"upk4mqeg","ADFES","fear",0.75
"upk4mqeg","ADFES","happiness",1
"upk4mqeg","JeFEE","surprise",0.625
"upk4mqeg","JeFEE","anger",1
"upk4mqeg","JeFEE","disgust",0.75
"upk4mqeg","JeFEE","sadness",0.625
"upk4mqeg","JeFEE","fear",0.625
"upk4mqeg","JeFEE","happiness",0.875
"utiwr12j","ADFES","surprise",1
"utiwr12j","ADFES","anger",1
"utiwr12j","ADFES","disgust",1
"utiwr12j","ADFES","sadness",0.5
"utiwr12j","ADFES","fear",0.571428571428571
"utiwr12j","ADFES","happiness",0.75
"utiwr12j","JeFEE","surprise",0.625
"utiwr12j","JeFEE","anger",0.75
"utiwr12j","JeFEE","disgust",0.875
"utiwr12j","JeFEE","sadness",0.25
"utiwr12j","JeFEE","fear",0.125
"utiwr12j","JeFEE","happiness",0.5
"v68f7op5","ADFES","surprise",1
"v68f7op5","ADFES","anger",1
"v68f7op5","ADFES","disgust",1
"v68f7op5","ADFES","sadness",0.75
"v68f7op5","ADFES","fear",0.875
"v68f7op5","ADFES","happiness",1
"v68f7op5","JeFEE","surprise",0.375
"v68f7op5","JeFEE","anger",0.5
"v68f7op5","JeFEE","disgust",0.25
"v68f7op5","JeFEE","sadness",0.25
"v68f7op5","JeFEE","fear",0.571428571428571
"v68f7op5","JeFEE","happiness",1
"vvbrppbq","ADFES","surprise",1
"vvbrppbq","ADFES","anger",0.875
"vvbrppbq","ADFES","disgust",0.75
"vvbrppbq","ADFES","sadness",0.75
"vvbrppbq","ADFES","fear",0.875
"vvbrppbq","ADFES","happiness",0.75
"vvbrppbq","JeFEE","surprise",0.5
"vvbrppbq","JeFEE","anger",1
"vvbrppbq","JeFEE","disgust",0.25
"vvbrppbq","JeFEE","sadness",0.5
"vvbrppbq","JeFEE","fear",0.5
"vvbrppbq","JeFEE","happiness",0.625
"wtxckmxu","ADFES","surprise",0.875
"wtxckmxu","ADFES","anger",1
"wtxckmxu","ADFES","disgust",0.75
"wtxckmxu","ADFES","sadness",0.75
"wtxckmxu","ADFES","fear",0.5
"wtxckmxu","ADFES","happiness",0.5
"wtxckmxu","JeFEE","surprise",0.375
"wtxckmxu","JeFEE","anger",0.625
"wtxckmxu","JeFEE","disgust",0.25
"wtxckmxu","JeFEE","sadness",0.625
"wtxckmxu","JeFEE","fear",0.125
"wtxckmxu","JeFEE","happiness",0.5
"xj11h22r","ADFES","surprise",1
"xj11h22r","ADFES","anger",0.375
"xj11h22r","ADFES","disgust",0.875
"xj11h22r","ADFES","sadness",0.875
"xj11h22r","ADFES","fear",0.5
"xj11h22r","ADFES","happiness",0.5
"xj11h22r","JeFEE","surprise",0.5
"xj11h22r","JeFEE","anger",0.5
"xj11h22r","JeFEE","disgust",0.125
"xj11h22r","JeFEE","sadness",0.625
"xj11h22r","JeFEE","fear",0.25
"xj11h22r","JeFEE","happiness",0.375
"y87qkks4","ADFES","surprise",0.875
"y87qkks4","ADFES","anger",0.75
"y87qkks4","ADFES","disgust",0.375
"y87qkks4","ADFES","sadness",0.875
"y87qkks4","ADFES","fear",0.875
"y87qkks4","ADFES","happiness",0.875
"y87qkks4","JeFEE","surprise",0.25
"y87qkks4","JeFEE","anger",0.5
"y87qkks4","JeFEE","disgust",0.75
"y87qkks4","JeFEE","sadness",0.375
"y87qkks4","JeFEE","fear",0.625
"y87qkks4","JeFEE","happiness",0.375
"ygrth0br","ADFES","surprise",1
"ygrth0br","ADFES","anger",0.875
"ygrth0br","ADFES","disgust",0.75
"ygrth0br","ADFES","sadness",1
"ygrth0br","ADFES","fear",0.5
"ygrth0br","ADFES","happiness",0.5
"ygrth0br","JeFEE","surprise",0.25
"ygrth0br","JeFEE","anger",0.75
"ygrth0br","JeFEE","disgust",0.375
"ygrth0br","JeFEE","sadness",0.25
"ygrth0br","JeFEE","fear",0.5
"ygrth0br","JeFEE","happiness",0
"yr9r7swn","ADFES","surprise",1
"yr9r7swn","ADFES","anger",1
"yr9r7swn","ADFES","disgust",0.75
"yr9r7swn","ADFES","sadness",0.75
"yr9r7swn","ADFES","fear",1
"yr9r7swn","ADFES","happiness",1
"yr9r7swn","JeFEE","surprise",0.75
"yr9r7swn","JeFEE","anger",0.625
"yr9r7swn","JeFEE","disgust",0.75
"yr9r7swn","JeFEE","sadness",0.375
"yr9r7swn","JeFEE","fear",0.75
"yr9r7swn","JeFEE","happiness",0.625
"yybqcvmn","ADFES","surprise",1
"yybqcvmn","ADFES","anger",1
"yybqcvmn","ADFES","disgust",1
"yybqcvmn","ADFES","sadness",0.875
"yybqcvmn","ADFES","fear",0.875
"yybqcvmn","ADFES","happiness",0.875
"yybqcvmn","JeFEE","surprise",0.875
"yybqcvmn","JeFEE","anger",0.625
"yybqcvmn","JeFEE","disgust",0.75
"yybqcvmn","JeFEE","sadness",0.875
"yybqcvmn","JeFEE","fear",0.625
"yybqcvmn","JeFEE","happiness",0.5
"z0ymvwd9","ADFES","surprise",1
"z0ymvwd9","ADFES","anger",0.875
"z0ymvwd9","ADFES","disgust",1
"z0ymvwd9","ADFES","sadness",1
"z0ymvwd9","ADFES","fear",0.375
"z0ymvwd9","ADFES","happiness",0.75
"z0ymvwd9","JeFEE","surprise",0.571428571428571
"z0ymvwd9","JeFEE","anger",0.5
"z0ymvwd9","JeFEE","disgust",0.25
"z0ymvwd9","JeFEE","sadness",0.5
"z0ymvwd9","JeFEE","fear",0.875
"z0ymvwd9","JeFEE","happiness",0.625
"z8oj5iji","ADFES","surprise",1
"z8oj5iji","ADFES","anger",0.875
"z8oj5iji","ADFES","disgust",0.875
"z8oj5iji","ADFES","sadness",0.625
"z8oj5iji","ADFES","fear",0.5
"z8oj5iji","ADFES","happiness",0.75
"z8oj5iji","JeFEE","surprise",0.5
"z8oj5iji","JeFEE","anger",1
"z8oj5iji","JeFEE","disgust",0.875
"z8oj5iji","JeFEE","sadness",0.25
"z8oj5iji","JeFEE","fear",0.375
"z8oj5iji","JeFEE","happiness",0.875
"zemiizcq","ADFES","surprise",1
"zemiizcq","ADFES","anger",1
"zemiizcq","ADFES","disgust",0.75
"zemiizcq","ADFES","sadness",0.875
"zemiizcq","ADFES","fear",0.625
"zemiizcq","ADFES","happiness",1
"zemiizcq","JeFEE","surprise",1
"zemiizcq","JeFEE","anger",1
"zemiizcq","JeFEE","disgust",0.5
"zemiizcq","JeFEE","sadness",0.5
"zemiizcq","JeFEE","fear",0.75
"zemiizcq","JeFEE","happiness",0.5
"zzoz9ll0","ADFES","surprise",1
"zzoz9ll0","ADFES","anger",0.875
"zzoz9ll0","ADFES","disgust",1
"zzoz9ll0","ADFES","sadness",0.625
"zzoz9ll0","ADFES","fear",1
"zzoz9ll0","ADFES","happiness",0.875
"zzoz9ll0","JeFEE","surprise",1
"zzoz9ll0","JeFEE","anger",0.625
"zzoz9ll0","JeFEE","disgust",0.375
"zzoz9ll0","JeFEE","sadness",1
"zzoz9ll0","JeFEE","fear",0.75
"zzoz9ll0","JeFEE","happiness",0.25
