"subject","video_set","emotion","intensity"
"01dkf6na","ADFES","surprise",185.887300130457
"01dkf6na","ADFES","anger",170.780635799721
"01dkf6na","ADFES","disgust",222.950867527343
"01dkf6na","ADFES","sadness",171.999957316876
"01dkf6na","ADFES","fear",126.707188935528
"01dkf6na","ADFES","happiness",176.029237941725
"01dkf6na","JeFEE","surprise",159.078547296886
"01dkf6na","JeFEE","anger",169.52191577132
"01dkf6na","JeFEE","disgust",144.839510277825
"01dkf6na","JeFEE","sadness",129.795780013165
"01dkf6na","JeFEE","fear",132.266275072253
"01dkf6na","JeFEE","happiness",180.489840380246
"02rvvdck","ADFES","surprise",255.063389306824
"02rvvdck","ADFES","anger",240.036367898096
"02rvvdck","ADFES","disgust",248.429295138735
"02rvvdck","ADFES","sadness",229.974895516481
"02rvvdck","ADFES","fear",243.549582449875
"02rvvdck","ADFES","happiness",247.071784998572
"02rvvdck","JeFEE","surprise",218.537963085628
"02rvvdck","JeFEE","anger",206.898901329547
"02rvvdck","JeFEE","disgust",173.340272531383
"02rvvdck","JeFEE","sadness",128.657416505993
"02rvvdck","JeFEE","fear",145.718935931846
"02rvvdck","JeFEE","happiness",209.448665265836
"05vna3n7","ADFES","surprise",208.91085532889
"05vna3n7","ADFES","anger",166.529899022235
"05vna3n7","ADFES","disgust",233.681498970404
"05vna3n7","ADFES","sadness",218.155307346135
"05vna3n7","ADFES","fear",211.290519461708
"05vna3n7","ADFES","happiness",203.078637820869
"05vna3n7","JeFEE","surprise",137.687859414272
"05vna3n7","JeFEE","anger",170.722042697545
"05vna3n7","JeFEE","disgust",200.997976543168
"05vna3n7","JeFEE","sadness",189.151135954434
"05vna3n7","JeFEE","fear",185.906429032193
"05vna3n7","JeFEE","happiness",166.738662947145
"0dj4xrwz","ADFES","surprise",177.933202888731
"0dj4xrwz","ADFES","anger",170.41256296968
"0dj4xrwz","ADFES","disgust",202.150264407441
"0dj4xrwz","ADFES","sadness",171.156422500335
"0dj4xrwz","ADFES","fear",227.444516953694
"0dj4xrwz","ADFES","happiness",223.960793451655
"0dj4xrwz","JeFEE","surprise",195.256452625104
"0dj4xrwz","JeFEE","anger",142.703681411161
"0dj4xrwz","JeFEE","disgust",194.899956044592
"0dj4xrwz","JeFEE","sadness",132.097734736223
"0dj4xrwz","JeFEE","fear",142.239345796205
"0dj4xrwz","JeFEE","happiness",208.392511625988
"1bky7pq2","ADFES","surprise",186.739345079113
"1bky7pq2","ADFES","anger",228.411619057079
"1bky7pq2","ADFES","disgust",214.6323311526
"1bky7pq2","ADFES","sadness",153.128828190061
"1bky7pq2","ADFES","fear",167.333674493976
"1bky7pq2","ADFES","happiness",205.522577383507
"1bky7pq2","JeFEE","surprise",158.933715387718
"1bky7pq2","JeFEE","anger",238.65944710119
"1bky7pq2","JeFEE","disgust",189.858617834376
"1bky7pq2","JeFEE","sadness",99.1246929194493
"1bky7pq2","JeFEE","fear",154.818924843308
"1bky7pq2","JeFEE","happiness",129.511106167364
"1jesbvms","ADFES","surprise",177.726755580718
"1jesbvms","ADFES","anger",156.712617496721
"1jesbvms","ADFES","disgust",174.665503591275
"1jesbvms","ADFES","sadness",152.982040332002
"1jesbvms","ADFES","fear",183.529519495694
"1jesbvms","ADFES","happiness",190.50339907366
"1jesbvms","JeFEE","surprise",130.071778061772
"1jesbvms","JeFEE","anger",133.471511891428
"1jesbvms","JeFEE","disgust",116.873966982232
"1jesbvms","JeFEE","sadness",120.165254102321
"1jesbvms","JeFEE","fear",119.67012488914
"1jesbvms","JeFEE","happiness",143.502684630701
"1jtd23n7","ADFES","surprise",192.204715552176
"1jtd23n7","ADFES","anger",158.882159009303
"1jtd23n7","ADFES","disgust",217.979802998197
"1jtd23n7","ADFES","sadness",216.477380873999
"1jtd23n7","ADFES","fear",212.804178917376
"1jtd23n7","ADFES","happiness",182.182031109707
"1jtd23n7","JeFEE","surprise",191.75496773119
"1jtd23n7","JeFEE","anger",149.130777066133
"1jtd23n7","JeFEE","disgust",144.182059238232
"1jtd23n7","JeFEE","sadness",134.695782742816
"1jtd23n7","JeFEE","fear",119.635155507338
"1jtd23n7","JeFEE","happiness",146.320943872904
"1m3o7vtx","ADFES","surprise",245.663413867732
"1m3o7vtx","ADFES","anger",185.691555313242
"1m3o7vtx","ADFES","disgust",169.42124158808
"1m3o7vtx","ADFES","sadness",164.121391958669
"1m3o7vtx","ADFES","fear",236.633408867185
"1m3o7vtx","ADFES","happiness",241.698385091488
"1m3o7vtx","JeFEE","surprise",192.036277292892
"1m3o7vtx","JeFEE","anger",158.115499022266
"1m3o7vtx","JeFEE","disgust",143.683913987182
"1m3o7vtx","JeFEE","sadness",81.1075322843012
"1m3o7vtx","JeFEE","fear",162.868550796012
"1m3o7vtx","JeFEE","happiness",224.188553291802
"230qxghj","ADFES","surprise",193.296869562821
"230qxghj","ADFES","anger",189.077375245173
"230qxghj","ADFES","disgust",196.96354754475
"230qxghj","ADFES","sadness",181.608542323726
"230qxghj","ADFES","fear",210.794487943602
"230qxghj","ADFES","happiness",227.287113689622
"230qxghj","JeFEE","surprise",181.548671952031
"230qxghj","JeFEE","anger",151.41616172799
"230qxghj","JeFEE","disgust",159.457356222443
"230qxghj","JeFEE","sadness",147.04472697158
"230qxghj","JeFEE","fear",143.244613986905
"230qxghj","JeFEE","happiness",158.954025306249
"23un4xk0","ADFES","surprise",197.47133299075
"23un4xk0","ADFES","anger",139.506491620571
"23un4xk0","ADFES","disgust",175.002958640221
"23un4xk0","ADFES","sadness",154.507098660847
"23un4xk0","ADFES","fear",212.331634978559
"23un4xk0","ADFES","happiness",229.955226314691
"23un4xk0","JeFEE","surprise",155.90274662549
"23un4xk0","JeFEE","anger",208.89254942047
"23un4xk0","JeFEE","disgust",175.152374304646
"23un4xk0","JeFEE","sadness",206.792801390867
"23un4xk0","JeFEE","fear",220.931284836813
"23un4xk0","JeFEE","happiness",238.158956012993
"2bq4gp56","ADFES","surprise",238.310757200345
"2bq4gp56","ADFES","anger",220.839981761942
"2bq4gp56","ADFES","disgust",242.665698405442
"2bq4gp56","ADFES","sadness",198.738835752058
"2bq4gp56","ADFES","fear",229.840401827382
"2bq4gp56","ADFES","happiness",251.838709099292
"2bq4gp56","JeFEE","surprise",209.537388460381
"2bq4gp56","JeFEE","anger",195.642625802926
"2bq4gp56","JeFEE","disgust",187.178570195704
"2bq4gp56","JeFEE","sadness",140.157261104401
"2bq4gp56","JeFEE","fear",158.113032761101
"2bq4gp56","JeFEE","happiness",194.81759018599
"2d7emjn8","ADFES","surprise",256.871231035202
"2d7emjn8","ADFES","anger",252.930903074019
"2d7emjn8","ADFES","disgust",247.287469287059
"2d7emjn8","ADFES","sadness",256.725849623763
"2d7emjn8","ADFES","fear",258.801356270305
"2d7emjn8","ADFES","happiness",246.91603956716
"2d7emjn8","JeFEE","surprise",251.870536682088
"2d7emjn8","JeFEE","anger",248.207944308993
"2d7emjn8","JeFEE","disgust",226.684607314264
"2d7emjn8","JeFEE","sadness",238.394833580977
"2d7emjn8","JeFEE","fear",216.506343495591
"2d7emjn8","JeFEE","happiness",254.700157978268
"3nsxj3yf","ADFES","surprise",237.781011374848
"3nsxj3yf","ADFES","anger",245.873244577684
"3nsxj3yf","ADFES","disgust",249.287310976403
"3nsxj3yf","ADFES","sadness",252.556518679537
"3nsxj3yf","ADFES","fear",257.277257944237
"3nsxj3yf","ADFES","happiness",243.534417506741
"3nsxj3yf","JeFEE","surprise",266.059900081744
"3nsxj3yf","JeFEE","anger",230.687933286005
"3nsxj3yf","JeFEE","disgust",261.183588887708
"3nsxj3yf","JeFEE","sadness",220.600809254812
"3nsxj3yf","JeFEE","fear",225.564733017785
"3nsxj3yf","JeFEE","happiness",237.628935905909
"473syksy","ADFES","surprise",241.683609486633
"473syksy","ADFES","anger",248.046990981086
"473syksy","ADFES","disgust",240.96156326315
"473syksy","ADFES","sadness",223.62753712732
"473syksy","ADFES","fear",223.39240207915
"473syksy","ADFES","happiness",251.314543802873
"473syksy","JeFEE","surprise",241.975958002063
"473syksy","JeFEE","anger",237.931759021721
"473syksy","JeFEE","disgust",193.753763115268
"473syksy","JeFEE","sadness",108.511022970181
"473syksy","JeFEE","fear",212.815936661223
"473syksy","JeFEE","happiness",221.192232540997
"4ho7pfhd","ADFES","surprise",222.119480512544
"4ho7pfhd","ADFES","anger",222.610885163614
"4ho7pfhd","ADFES","disgust",244.298253728627
"4ho7pfhd","ADFES","sadness",237.10093557909
"4ho7pfhd","ADFES","fear",221.939169362691
"4ho7pfhd","ADFES","happiness",232.892475587634
"4ho7pfhd","JeFEE","surprise",180.782252339208
"4ho7pfhd","JeFEE","anger",163.565504215629
"4ho7pfhd","JeFEE","disgust",186.193661799894
"4ho7pfhd","JeFEE","sadness",229.00638946549
"4ho7pfhd","JeFEE","fear",170.043860764212
"4ho7pfhd","JeFEE","happiness",188.443835454829
"4ovd9i0b","ADFES","surprise",211.600076468886
"4ovd9i0b","ADFES","anger",193.429240558234
"4ovd9i0b","ADFES","disgust",207.624904982974
"4ovd9i0b","ADFES","sadness",213.180833859844
"4ovd9i0b","ADFES","fear",237.659052575538
"4ovd9i0b","ADFES","happiness",214.560025621399
"4ovd9i0b","JeFEE","surprise",231.763883949504
"4ovd9i0b","JeFEE","anger",208.733522221986
"4ovd9i0b","JeFEE","disgust",225.655926527643
"4ovd9i0b","JeFEE","sadness",218.690162725984
"4ovd9i0b","JeFEE","fear",177.94230779222
"4ovd9i0b","JeFEE","happiness",206.463000585796
"4ovdiwho","ADFES","surprise",230.941991784136
"4ovdiwho","ADFES","anger",207.193018902642
"4ovdiwho","ADFES","disgust",230.915391380904
"4ovdiwho","ADFES","sadness",202.764262317004
"4ovdiwho","ADFES","fear",243.925210186876
"4ovdiwho","ADFES","happiness",233.910178999106
"4ovdiwho","JeFEE","surprise",136.632287627761
"4ovdiwho","JeFEE","anger",176.03373147714
"4ovdiwho","JeFEE","disgust",169.744975929276
"4ovdiwho","JeFEE","sadness",162.393925462731
"4ovdiwho","JeFEE","fear",207.478292200665
"4ovdiwho","JeFEE","happiness",196.458960277061
"60jre6xi","ADFES","surprise",147.881244574385
"60jre6xi","ADFES","anger",117.029803045835
"60jre6xi","ADFES","disgust",137.375486590592
"60jre6xi","ADFES","sadness",116.484290661536
"60jre6xi","ADFES","fear",143.659366675058
"60jre6xi","ADFES","happiness",153.655721498559
"60jre6xi","JeFEE","surprise",114.750369218396
"60jre6xi","JeFEE","anger",130.323737781789
"60jre6xi","JeFEE","disgust",136.978070458871
"60jre6xi","JeFEE","sadness",111.592978330934
"60jre6xi","JeFEE","fear",129.080283653501
"60jre6xi","JeFEE","happiness",129.527216408475
"63q8b4gk","ADFES","surprise",248.061535071566
"63q8b4gk","ADFES","anger",238.067834838409
"63q8b4gk","ADFES","disgust",244.488974641031
"63q8b4gk","ADFES","sadness",242.985833772576
"63q8b4gk","ADFES","fear",263.01149522076
"63q8b4gk","ADFES","happiness",241.573578120038
"63q8b4gk","JeFEE","surprise",234.343372973399
"63q8b4gk","JeFEE","anger",224.98142091956
"63q8b4gk","JeFEE","disgust",249.246954938041
"63q8b4gk","JeFEE","sadness",205.545608621654
"63q8b4gk","JeFEE","fear",182.004269474921
"63q8b4gk","JeFEE","happiness",220.219963470192
"79o97uw1","ADFES","surprise",195.418309014769
"79o97uw1","ADFES","anger",200.758645575333
"79o97uw1","ADFES","disgust",193.929626648102
"79o97uw1","ADFES","sadness",192.52717409663
"79o97uw1","ADFES","fear",206.273869187601
"79o97uw1","ADFES","happiness",207.827230978227
"79o97uw1","JeFEE","surprise",184.572638404436
"79o97uw1","JeFEE","anger",185.826972619814
"79o97uw1","JeFEE","disgust",202.719427604948
"79o97uw1","JeFEE","sadness",178.610301382705
"79o97uw1","JeFEE","fear",169.698442665858
"79o97uw1","JeFEE","happiness",203.560383716598
"7lgboipc","ADFES","surprise",209.721330384957
"7lgboipc","ADFES","anger",189.991676212592
"7lgboipc","ADFES","disgust",180.087891757909
"7lgboipc","ADFES","sadness",205.895462971469
"7lgboipc","ADFES","fear",204.723528438449
"7lgboipc","ADFES","happiness",202.114126487512
"7lgboipc","JeFEE","surprise",217.198508158128
"7lgboipc","JeFEE","anger",141.970225564257
"7lgboipc","JeFEE","disgust",160.017258847635
"7lgboipc","JeFEE","sadness",124.642059849848
"7lgboipc","JeFEE","fear",155.97582079544
"7lgboipc","JeFEE","happiness",190.600897587315
"8jun19d5","ADFES","surprise",155.40423545398
"8jun19d5","ADFES","anger",130.062864449668
"8jun19d5","ADFES","disgust",158.337845280062
"8jun19d5","ADFES","sadness",136.060123538178
"8jun19d5","ADFES","fear",159.899880920879
"8jun19d5","ADFES","happiness",130.54303733426
"8jun19d5","JeFEE","surprise",122.468923532201
"8jun19d5","JeFEE","anger",129.661951447329
"8jun19d5","JeFEE","disgust",135.682947367614
"8jun19d5","JeFEE","sadness",120.845568489215
"8jun19d5","JeFEE","fear",117.088737904739
"8jun19d5","JeFEE","happiness",129.690941530007
"8u9fcv0x","ADFES","surprise",233.560132033084
"8u9fcv0x","ADFES","anger",219.001372520559
"8u9fcv0x","ADFES","disgust",215.732782829134
"8u9fcv0x","ADFES","sadness",233.583369860249
"8u9fcv0x","ADFES","fear",229.138267919767
"8u9fcv0x","ADFES","happiness",218.893547015434
"8u9fcv0x","JeFEE","surprise",208.419418787011
"8u9fcv0x","JeFEE","anger",235.098932786344
"8u9fcv0x","JeFEE","disgust",210.826618349836
"8u9fcv0x","JeFEE","sadness",135.323825261825
"8u9fcv0x","JeFEE","fear",169.586174128259
"8u9fcv0x","JeFEE","happiness",203.843058805282
"8um8sps9","ADFES","surprise",206.032510367465
"8um8sps9","ADFES","anger",168.872590239883
"8um8sps9","ADFES","disgust",191.816426286699
"8um8sps9","ADFES","sadness",179.231931883344
"8um8sps9","ADFES","fear",194.887257752831
"8um8sps9","ADFES","happiness",207.248920205457
"8um8sps9","JeFEE","surprise",173.076737761454
"8um8sps9","JeFEE","anger",177.042074826452
"8um8sps9","JeFEE","disgust",184.372378318001
"8um8sps9","JeFEE","sadness",155.20570470151
"8um8sps9","JeFEE","fear",126.049304826458
"8um8sps9","JeFEE","happiness",200.360588509535
"8y0jbvqm","ADFES","surprise",254.430603596336
"8y0jbvqm","ADFES","anger",222.827412874077
"8y0jbvqm","ADFES","disgust",267.578198222378
"8y0jbvqm","ADFES","sadness",231.806127981381
"8y0jbvqm","ADFES","fear",237.237028652642
"8y0jbvqm","ADFES","happiness",226.409367608742
"8y0jbvqm","JeFEE","surprise",204.150881633053
"8y0jbvqm","JeFEE","anger",210.477850116361
"8y0jbvqm","JeFEE","disgust",194.431712316633
"8y0jbvqm","JeFEE","sadness",202.686233290185
"8y0jbvqm","JeFEE","fear",181.857221688051
"8y0jbvqm","JeFEE","happiness",177.793513474217
"8zijzjdb","ADFES","surprise",229.927241092482
"8zijzjdb","ADFES","anger",183.301795990297
"8zijzjdb","ADFES","disgust",209.367476030406
"8zijzjdb","ADFES","sadness",161.657272837829
"8zijzjdb","ADFES","fear",209.222030855769
"8zijzjdb","ADFES","happiness",165.227676103036
"8zijzjdb","JeFEE","surprise",153.954853807356
"8zijzjdb","JeFEE","anger",142.20699564474
"8zijzjdb","JeFEE","disgust",147.494221554752
"8zijzjdb","JeFEE","sadness",111.998050838216
"8zijzjdb","JeFEE","fear",119.086036010694
"8zijzjdb","JeFEE","happiness",156.376495721546
"92n34v9a","ADFES","surprise",229.888710140417
"92n34v9a","ADFES","anger",199.584231000923
"92n34v9a","ADFES","disgust",235.77873589244
"92n34v9a","ADFES","sadness",197.580079734952
"92n34v9a","ADFES","fear",223.196647321482
"92n34v9a","ADFES","happiness",206.935543730733
"92n34v9a","JeFEE","surprise",184.891659329539
"92n34v9a","JeFEE","anger",194.050970721018
"92n34v9a","JeFEE","disgust",213.597319121336
"92n34v9a","JeFEE","sadness",168.109913331769
"92n34v9a","JeFEE","fear",150.296316651939
"92n34v9a","JeFEE","happiness",160.866460269706
"92pvi1pq","ADFES","surprise",191.390042863889
"92pvi1pq","ADFES","anger",188.847669944657
"92pvi1pq","ADFES","disgust",198.911799642299
"92pvi1pq","ADFES","sadness",187.024040627453
"92pvi1pq","ADFES","fear",161.498617728458
"92pvi1pq","ADFES","happiness",163.471936644216
"92pvi1pq","JeFEE","surprise",175.57612078545
"92pvi1pq","JeFEE","anger",183.248921727058
"92pvi1pq","JeFEE","disgust",161.07287501613
"92pvi1pq","JeFEE","sadness",149.938401425553
"92pvi1pq","JeFEE","fear",146.197183795883
"92pvi1pq","JeFEE","happiness",197.079611339129
"951c6gi6","ADFES","surprise",167.972050571307
"951c6gi6","ADFES","anger",126.821876094143
"951c6gi6","ADFES","disgust",143.074855829808
"951c6gi6","ADFES","sadness",123.912904541735
"951c6gi6","ADFES","fear",160.980268315076
"951c6gi6","ADFES","happiness",145.162398307299
"951c6gi6","JeFEE","surprise",132.776439370878
"951c6gi6","JeFEE","anger",138.56185919991
"951c6gi6","JeFEE","disgust",135.786001257863
"951c6gi6","JeFEE","sadness",140.326590841106
"951c6gi6","JeFEE","fear",104.06759108574
"951c6gi6","JeFEE","happiness",136.031911356362
"988oxs17","ADFES","surprise",187.502818336742
"988oxs17","ADFES","anger",181.273801932719
"988oxs17","ADFES","disgust",212.999560667844
"988oxs17","ADFES","sadness",165.952070983328
"988oxs17","ADFES","fear",190.349880175307
"988oxs17","ADFES","happiness",188.280498796522
"988oxs17","JeFEE","surprise",157.976999554603
"988oxs17","JeFEE","anger",111.894496427574
"988oxs17","JeFEE","disgust",154.417454425032
"988oxs17","JeFEE","sadness",123.954335604553
"988oxs17","JeFEE","fear",103.549848427463
"988oxs17","JeFEE","happiness",189.40003784305
"9p4umq2j","ADFES","surprise",246.990409414917
"9p4umq2j","ADFES","anger",226.014727808965
"9p4umq2j","ADFES","disgust",227.399698086941
"9p4umq2j","ADFES","sadness",212.904886460697
"9p4umq2j","ADFES","fear",246.37665373148
"9p4umq2j","ADFES","happiness",249.8029990273
"9p4umq2j","JeFEE","surprise",225.799859301253
"9p4umq2j","JeFEE","anger",226.239778211105
"9p4umq2j","JeFEE","disgust",219.904835862263
"9p4umq2j","JeFEE","sadness",204.831892318477
"9p4umq2j","JeFEE","fear",209.965035487984
"9p4umq2j","JeFEE","happiness",229.647691060717
"9wp4tjla","ADFES","surprise",250.821055454118
"9wp4tjla","ADFES","anger",224.001531910409
"9wp4tjla","ADFES","disgust",243.919461031749
"9wp4tjla","ADFES","sadness",247.619465410947
"9wp4tjla","ADFES","fear",235.337480292646
"9wp4tjla","ADFES","happiness",252.350990100195
"9wp4tjla","JeFEE","surprise",224.60205076591
"9wp4tjla","JeFEE","anger",233.382742716508
"9wp4tjla","JeFEE","disgust",208.119666267096
"9wp4tjla","JeFEE","sadness",226.092967077928
"9wp4tjla","JeFEE","fear",225.618577483027
"9wp4tjla","JeFEE","happiness",215.87254495239
"9yltrizp","ADFES","surprise",212.735795079214
"9yltrizp","ADFES","anger",161.672193904586
"9yltrizp","ADFES","disgust",219.940294421345
"9yltrizp","ADFES","sadness",169.965507053159
"9yltrizp","ADFES","fear",220.755549027586
"9yltrizp","ADFES","happiness",230.590402285779
"9yltrizp","JeFEE","surprise",143.967340880417
"9yltrizp","JeFEE","anger",155.680884226134
"9yltrizp","JeFEE","disgust",120.43148550953
"9yltrizp","JeFEE","sadness",169.437148252585
"9yltrizp","JeFEE","fear",171.208278498997
"9yltrizp","JeFEE","happiness",181.918597247444
"aaal34oe","ADFES","surprise",222.956072688874
"aaal34oe","ADFES","anger",157.624306718953
"aaal34oe","ADFES","disgust",205.126542704511
"aaal34oe","ADFES","sadness",162.751456843191
"aaal34oe","ADFES","fear",223.088999913224
"aaal34oe","ADFES","happiness",212.123596007438
"aaal34oe","JeFEE","surprise",191.347673549671
"aaal34oe","JeFEE","anger",198.66662923228
"aaal34oe","JeFEE","disgust",171.61239228143
"aaal34oe","JeFEE","sadness",206.684308030005
"aaal34oe","JeFEE","fear",201.173037538148
"aaal34oe","JeFEE","happiness",171.150676610633
"aqsvfz9l","ADFES","surprise",231.175217477701
"aqsvfz9l","ADFES","anger",217.681984987554
"aqsvfz9l","ADFES","disgust",246.932595729003
"aqsvfz9l","ADFES","sadness",197.745786008368
"aqsvfz9l","ADFES","fear",220.851309577603
"aqsvfz9l","ADFES","happiness",254.323405092332
"aqsvfz9l","JeFEE","surprise",183.437176647167
"aqsvfz9l","JeFEE","anger",158.813014469445
"aqsvfz9l","JeFEE","disgust",191.647888172249
"aqsvfz9l","JeFEE","sadness",139.860194012059
"aqsvfz9l","JeFEE","fear",180.085502981729
"aqsvfz9l","JeFEE","happiness",206.154784749104
"avr4ulis","ADFES","surprise",234.282606976634
"avr4ulis","ADFES","anger",212.871075934927
"avr4ulis","ADFES","disgust",239.812956918166
"avr4ulis","ADFES","sadness",202.50123356687
"avr4ulis","ADFES","fear",219.287699087777
"avr4ulis","ADFES","happiness",244.670343255191
"avr4ulis","JeFEE","surprise",116.271360964114
"avr4ulis","JeFEE","anger",135.501801409637
"avr4ulis","JeFEE","disgust",168.082747498912
"avr4ulis","JeFEE","sadness",33.1079999169391
"avr4ulis","JeFEE","fear",7.95874561582439
"avr4ulis","JeFEE","happiness",61.0865536303212
"b3e2ff37","ADFES","surprise",234.628638099882
"b3e2ff37","ADFES","anger",187.291998763723
"b3e2ff37","ADFES","disgust",223.539548720997
"b3e2ff37","ADFES","sadness",219.863375975777
"b3e2ff37","ADFES","fear",235.717715662949
"b3e2ff37","ADFES","happiness",197.256270274498
"b3e2ff37","JeFEE","surprise",189.492071933635
"b3e2ff37","JeFEE","anger",202.431188739627
"b3e2ff37","JeFEE","disgust",222.716083199387
"b3e2ff37","JeFEE","sadness",218.484191748242
"b3e2ff37","JeFEE","fear",208.29759631209
"b3e2ff37","JeFEE","happiness",194.966859035998
"bd1hytn7","ADFES","surprise",160.639549404076
"bd1hytn7","ADFES","anger",125.50393776366
"bd1hytn7","ADFES","disgust",165.806780678109
"bd1hytn7","ADFES","sadness",179.611931283348
"bd1hytn7","ADFES","fear",187.65933516974
"bd1hytn7","ADFES","happiness",177.572685512539
"bd1hytn7","JeFEE","surprise",175.565776041911
"bd1hytn7","JeFEE","anger",130.775414899263
"bd1hytn7","JeFEE","disgust",173.387267799206
"bd1hytn7","JeFEE","sadness",155.037606313847
"bd1hytn7","JeFEE","fear",145.646579828444
"bd1hytn7","JeFEE","happiness",174.982558497018
"bs077ax2","ADFES","surprise",226.128973724185
"bs077ax2","ADFES","anger",188.840935293187
"bs077ax2","ADFES","disgust",214.772867550508
"bs077ax2","ADFES","sadness",217.891765999677
"bs077ax2","ADFES","fear",234.953342338723
"bs077ax2","ADFES","happiness",222.932341417565
"bs077ax2","JeFEE","surprise",161.102133375949
"bs077ax2","JeFEE","anger",134.106193283232
"bs077ax2","JeFEE","disgust",125.366482812699
"bs077ax2","JeFEE","sadness",181.457975739136
"bs077ax2","JeFEE","fear",157.445469037216
"bs077ax2","JeFEE","happiness",209.69170133338
"bywpsp3z","ADFES","surprise",164.312482419849
"bywpsp3z","ADFES","anger",173.757262990951
"bywpsp3z","ADFES","disgust",173.172127222177
"bywpsp3z","ADFES","sadness",175.25926093543
"bywpsp3z","ADFES","fear",201.12586782296
"bywpsp3z","ADFES","happiness",185.431377385555
"bywpsp3z","JeFEE","surprise",144.881865891973
"bywpsp3z","JeFEE","anger",132.32689792541
"bywpsp3z","JeFEE","disgust",151.011913988328
"bywpsp3z","JeFEE","sadness",103.039584353266
"bywpsp3z","JeFEE","fear",123.086905787818
"bywpsp3z","JeFEE","happiness",156.472417439731
"ceeg9oyy","ADFES","surprise",228.80939077098
"ceeg9oyy","ADFES","anger",163.873731673981
"ceeg9oyy","ADFES","disgust",219.240339226738
"ceeg9oyy","ADFES","sadness",185.377396424459
"ceeg9oyy","ADFES","fear",187.12133402265
"ceeg9oyy","ADFES","happiness",217.247547104171
"ceeg9oyy","JeFEE","surprise",216.33549701461
"ceeg9oyy","JeFEE","anger",177.078902649775
"ceeg9oyy","JeFEE","disgust",186.632721126302
"ceeg9oyy","JeFEE","sadness",180.706996679172
"ceeg9oyy","JeFEE","fear",177.324656800945
"ceeg9oyy","JeFEE","happiness",180.326989567719
"cru2t1ba","ADFES","surprise",229.462995088502
"cru2t1ba","ADFES","anger",212.332590873849
"cru2t1ba","ADFES","disgust",225.648746408668
"cru2t1ba","ADFES","sadness",236.641143718822
"cru2t1ba","ADFES","fear",225.342962395604
"cru2t1ba","ADFES","happiness",222.457677089752
"cru2t1ba","JeFEE","surprise",233.126295648489
"cru2t1ba","JeFEE","anger",220.338172206272
"cru2t1ba","JeFEE","disgust",244.726989065725
"cru2t1ba","JeFEE","sadness",190.865655444492
"cru2t1ba","JeFEE","fear",217.721984624349
"cru2t1ba","JeFEE","happiness",197.449127637035
"cwu5v0z3","ADFES","surprise",239.742604391615
"cwu5v0z3","ADFES","anger",223.989681521656
"cwu5v0z3","ADFES","disgust",224.305975346418
"cwu5v0z3","ADFES","sadness",191.116852809938
"cwu5v0z3","ADFES","fear",247.681807910194
"cwu5v0z3","ADFES","happiness",231.038703975464
"cwu5v0z3","JeFEE","surprise",177.361988848658
"cwu5v0z3","JeFEE","anger",177.542731098669
"cwu5v0z3","JeFEE","disgust",183.572412450019
"cwu5v0z3","JeFEE","sadness",149.064364484944
"cwu5v0z3","JeFEE","fear",152.951165722522
"cwu5v0z3","JeFEE","happiness",216.903484259756
"cyr153x5","ADFES","surprise",219.995198331903
"cyr153x5","ADFES","anger",228.856830968695
"cyr153x5","ADFES","disgust",230.554267175976
"cyr153x5","ADFES","sadness",225.278185807098
"cyr153x5","ADFES","fear",236.91144819347
"cyr153x5","ADFES","happiness",219.218283272463
"cyr153x5","JeFEE","surprise",181.730854734447
"cyr153x5","JeFEE","anger",226.022557798654
"cyr153x5","JeFEE","disgust",203.693903893903
"cyr153x5","JeFEE","sadness",169.43628131806
"cyr153x5","JeFEE","fear",151.038109381683
"cyr153x5","JeFEE","happiness",190.95421742957
"d86bycx0","ADFES","surprise",195.025876356795
"d86bycx0","ADFES","anger",153.29040874812
"d86bycx0","ADFES","disgust",212.671639059369
"d86bycx0","ADFES","sadness",208.462579776871
"d86bycx0","ADFES","fear",199.830605392633
"d86bycx0","ADFES","happiness",211.181093290111
"d86bycx0","JeFEE","surprise",205.389910298634
"d86bycx0","JeFEE","anger",181.220603191314
"d86bycx0","JeFEE","disgust",210.491468935496
"d86bycx0","JeFEE","sadness",189.45879874041
"d86bycx0","JeFEE","fear",179.660273721035
"d86bycx0","JeFEE","happiness",193.9542133997
"ddhzvuk9","ADFES","surprise",200.402124621881
"ddhzvuk9","ADFES","anger",164.328633474728
"ddhzvuk9","ADFES","disgust",190.508291614822
"ddhzvuk9","ADFES","sadness",185.947151553084
"ddhzvuk9","ADFES","fear",239.881976585617
"ddhzvuk9","ADFES","happiness",232.055256573464
"ddhzvuk9","JeFEE","surprise",170.355286451366
"ddhzvuk9","JeFEE","anger",211.874135116252
"ddhzvuk9","JeFEE","disgust",190.036619620268
"ddhzvuk9","JeFEE","sadness",200.753803741142
"ddhzvuk9","JeFEE","fear",202.993718423243
"ddhzvuk9","JeFEE","happiness",207.255076691279
"de5z1n9p","ADFES","surprise",235.674511872904
"de5z1n9p","ADFES","anger",236.567467089467
"de5z1n9p","ADFES","disgust",243.238723415777
"de5z1n9p","ADFES","sadness",238.793625601344
"de5z1n9p","ADFES","fear",244.121437988469
"de5z1n9p","ADFES","happiness",255.03122467428
"de5z1n9p","JeFEE","surprise",218.256460376757
"de5z1n9p","JeFEE","anger",150.740611541369
"de5z1n9p","JeFEE","disgust",220.868745549616
"de5z1n9p","JeFEE","sadness",145.711545050766
"de5z1n9p","JeFEE","fear",178.817037963648
"de5z1n9p","JeFEE","happiness",210.023641821931
"eegrig2e","ADFES","surprise",204.376161534623
"eegrig2e","ADFES","anger",178.67360784446
"eegrig2e","ADFES","disgust",198.325144020262
"eegrig2e","ADFES","sadness",202.831460132747
"eegrig2e","ADFES","fear",218.122628511502
"eegrig2e","ADFES","happiness",183.452416350136
"eegrig2e","JeFEE","surprise",185.806225377191
"eegrig2e","JeFEE","anger",201.256748067579
"eegrig2e","JeFEE","disgust",211.59941330071
"eegrig2e","JeFEE","sadness",205.023535469471
"eegrig2e","JeFEE","fear",201.199159648984
"eegrig2e","JeFEE","happiness",173.488456786345
"eu8fkf5c","ADFES","surprise",223.872113710029
"eu8fkf5c","ADFES","anger",213.536886168109
"eu8fkf5c","ADFES","disgust",212.186834188937
"eu8fkf5c","ADFES","sadness",258.244019282249
"eu8fkf5c","ADFES","fear",223.454686019955
"eu8fkf5c","ADFES","happiness",223.698845207787
"eu8fkf5c","JeFEE","surprise",215.268811547657
"eu8fkf5c","JeFEE","anger",225.424089892734
"eu8fkf5c","JeFEE","disgust",217.768553441632
"eu8fkf5c","JeFEE","sadness",194.894186341025
"eu8fkf5c","JeFEE","fear",184.637250704029
"eu8fkf5c","JeFEE","happiness",186.403476752097
"f0l877j4","ADFES","surprise",160.962336257455
"f0l877j4","ADFES","anger",152.83566457172
"f0l877j4","ADFES","disgust",171.891876734351
"f0l877j4","ADFES","sadness",163.493039963551
"f0l877j4","ADFES","fear",156.583016353828
"f0l877j4","ADFES","happiness",151.299682523676
"f0l877j4","JeFEE","surprise",134.392905186074
"f0l877j4","JeFEE","anger",110.199857172642
"f0l877j4","JeFEE","disgust",161.529898636657
"f0l877j4","JeFEE","sadness",147.81857958724
"f0l877j4","JeFEE","fear",122.327801849795
"f0l877j4","JeFEE","happiness",123.81478306771
"f3amrgcj","ADFES","surprise",239.503377580417
"f3amrgcj","ADFES","anger",240.493185394598
"f3amrgcj","ADFES","disgust",245.284124879247
"f3amrgcj","ADFES","sadness",220.055983863793
"f3amrgcj","ADFES","fear",239.166684208689
"f3amrgcj","ADFES","happiness",245.280250063069
"f3amrgcj","JeFEE","surprise",186.912553320728
"f3amrgcj","JeFEE","anger",218.524058288118
"f3amrgcj","JeFEE","disgust",226.49547876251
"f3amrgcj","JeFEE","sadness",192.299464922218
"f3amrgcj","JeFEE","fear",170.904757170202
"f3amrgcj","JeFEE","happiness",223.47247590009
"f71rfhei","ADFES","surprise",182.733301711618
"f71rfhei","ADFES","anger",139.638072865781
"f71rfhei","ADFES","disgust",165.582137875162
"f71rfhei","ADFES","sadness",156.128746377625
"f71rfhei","ADFES","fear",194.088594804219
"f71rfhei","ADFES","happiness",185.368025962202
"f71rfhei","JeFEE","surprise",165.597358386404
"f71rfhei","JeFEE","anger",149.754751790964
"f71rfhei","JeFEE","disgust",149.772706658743
"f71rfhei","JeFEE","sadness",121.62628578555
"f71rfhei","JeFEE","fear",149.96710819596
"f71rfhei","JeFEE","happiness",168.987668559802
"fexy1r4z","ADFES","surprise",230.632139910016
"fexy1r4z","ADFES","anger",174.606622203953
"fexy1r4z","ADFES","disgust",237.311922107739
"fexy1r4z","ADFES","sadness",213.246215690169
"fexy1r4z","ADFES","fear",155.290092000024
"fexy1r4z","ADFES","happiness",165.357764108704
"fexy1r4z","JeFEE","surprise",191.723675661845
"fexy1r4z","JeFEE","anger",159.692842639764
"fexy1r4z","JeFEE","disgust",114.123320197397
"fexy1r4z","JeFEE","sadness",95.4951659758697
"fexy1r4z","JeFEE","fear",95.8144277664388
"fexy1r4z","JeFEE","happiness",163.558510951466
"fkrn6z2h","ADFES","surprise",242.064552594112
"fkrn6z2h","ADFES","anger",208.877345345894
"fkrn6z2h","ADFES","disgust",248.31556463214
"fkrn6z2h","ADFES","sadness",206.943760178691
"fkrn6z2h","ADFES","fear",214.062111514763
"fkrn6z2h","ADFES","happiness",228.626892674684
"fkrn6z2h","JeFEE","surprise",200.126071529961
"fkrn6z2h","JeFEE","anger",149.929298180966
"fkrn6z2h","JeFEE","disgust",143.10994328149
"fkrn6z2h","JeFEE","sadness",183.334753709375
"fkrn6z2h","JeFEE","fear",163.575782833684
"fkrn6z2h","JeFEE","happiness",191.040458972276
"fmjv8ry8","ADFES","surprise",179.098725550625
"fmjv8ry8","ADFES","anger",141.217868714281
"fmjv8ry8","ADFES","disgust",186.477500375772
"fmjv8ry8","ADFES","sadness",173.384053500045
"fmjv8ry8","ADFES","fear",213.410568057705
"fmjv8ry8","ADFES","happiness",201.289399881872
"fmjv8ry8","JeFEE","surprise",175.630210968647
"fmjv8ry8","JeFEE","anger",129.629793707363
"fmjv8ry8","JeFEE","disgust",143.279549516573
"fmjv8ry8","JeFEE","sadness",123.180347215812
"fmjv8ry8","JeFEE","fear",135.393204847362
"fmjv8ry8","JeFEE","happiness",169.858190609064
"frd19iku","ADFES","surprise",186.993042885521
"frd19iku","ADFES","anger",176.337182222365
"frd19iku","ADFES","disgust",194.298721552718
"frd19iku","ADFES","sadness",182.288934911311
"frd19iku","ADFES","fear",194.965436694475
"frd19iku","ADFES","happiness",188.534009897739
"frd19iku","JeFEE","surprise",201.225024328846
"frd19iku","JeFEE","anger",166.602877605352
"frd19iku","JeFEE","disgust",189.690183481096
"frd19iku","JeFEE","sadness",180.982887678468
"frd19iku","JeFEE","fear",148.192774950625
"frd19iku","JeFEE","happiness",193.054747698447
"g7790rx3","ADFES","surprise",243.677722617054
"g7790rx3","ADFES","anger",222.850841246266
"g7790rx3","ADFES","disgust",235.598054326229
"g7790rx3","ADFES","sadness",251.487343603837
"g7790rx3","ADFES","fear",243.299335169604
"g7790rx3","ADFES","happiness",224.222204790036
"g7790rx3","JeFEE","surprise",185.257159721309
"g7790rx3","JeFEE","anger",240.340872884316
"g7790rx3","JeFEE","disgust",208.043795494221
"g7790rx3","JeFEE","sadness",208.504556025781
"g7790rx3","JeFEE","fear",231.970955739948
"g7790rx3","JeFEE","happiness",218.426371995563
"gexhmc79","ADFES","surprise",207.808472164051
"gexhmc79","ADFES","anger",251.988367816869
"gexhmc79","ADFES","disgust",211.617958828237
"gexhmc79","ADFES","sadness",212.205740475181
"gexhmc79","ADFES","fear",213.285268846018
"gexhmc79","ADFES","happiness",156.997387442902
"gexhmc79","JeFEE","surprise",211.871403971674
"gexhmc79","JeFEE","anger",207.321551614698
"gexhmc79","JeFEE","disgust",214.243950371125
"gexhmc79","JeFEE","sadness",177.056853735299
"gexhmc79","JeFEE","fear",128.063851592027
"gexhmc79","JeFEE","happiness",233.828320589102
"hdq8xswj","ADFES","surprise",138.466492289913
"hdq8xswj","ADFES","anger",162.961410451309
"hdq8xswj","ADFES","disgust",175.986575572787
"hdq8xswj","ADFES","sadness",172.084072100286
"hdq8xswj","ADFES","fear",154.247907836154
"hdq8xswj","ADFES","happiness",166.568768054677
"hdq8xswj","JeFEE","surprise",151.376219892466
"hdq8xswj","JeFEE","anger",151.900373399701
"hdq8xswj","JeFEE","disgust",178.554935256497
"hdq8xswj","JeFEE","sadness",190.901611148819
"hdq8xswj","JeFEE","fear",170.049169909195
"hdq8xswj","JeFEE","happiness",165.463049138473
"hnn1eyik","ADFES","surprise",178.515860387397
"hnn1eyik","ADFES","anger",176.880855866411
"hnn1eyik","ADFES","disgust",226.195250354156
"hnn1eyik","ADFES","sadness",184.522492112603
"hnn1eyik","ADFES","fear",233.119177275535
"hnn1eyik","ADFES","happiness",209.03538198
"hnn1eyik","JeFEE","surprise",161.412189995441
"hnn1eyik","JeFEE","anger",154.249740858152
"hnn1eyik","JeFEE","disgust",179.180182938444
"hnn1eyik","JeFEE","sadness",150.907385412035
"hnn1eyik","JeFEE","fear",155.962309920869
"hnn1eyik","JeFEE","happiness",180.535541668879
"hpndbzh9","ADFES","surprise",178.91186056017
"hpndbzh9","ADFES","anger",164.438440679293
"hpndbzh9","ADFES","disgust",205.300862333575
"hpndbzh9","ADFES","sadness",143.598534443919
"hpndbzh9","ADFES","fear",153.832708429074
"hpndbzh9","ADFES","happiness",228.028011632083
"hpndbzh9","JeFEE","surprise",150.714500692891
"hpndbzh9","JeFEE","anger",128.329515764209
"hpndbzh9","JeFEE","disgust",137.814746782591
"hpndbzh9","JeFEE","sadness",137.608950838097
"hpndbzh9","JeFEE","fear",124.667626788232
"hpndbzh9","JeFEE","happiness",169.022567875659
"hq365287","ADFES","surprise",134.776305841581
"hq365287","ADFES","anger",169.911131929196
"hq365287","ADFES","disgust",162.401221842392
"hq365287","ADFES","sadness",148.247800219334
"hq365287","ADFES","fear",164.791130787107
"hq365287","ADFES","happiness",197.879956567483
"hq365287","JeFEE","surprise",128.031869522899
"hq365287","JeFEE","anger",133.284606013104
"hq365287","JeFEE","disgust",146.715931842703
"hq365287","JeFEE","sadness",123.301370980748
"hq365287","JeFEE","fear",112.187717368531
"hq365287","JeFEE","happiness",180.674822417378
"hwvdllev","ADFES","surprise",223.966459812456
"hwvdllev","ADFES","anger",186.202616460731
"hwvdllev","ADFES","disgust",220.296379884137
"hwvdllev","ADFES","sadness",168.650444849583
"hwvdllev","ADFES","fear",207.173453294763
"hwvdllev","ADFES","happiness",206.250981370736
"hwvdllev","JeFEE","surprise",138.949645726272
"hwvdllev","JeFEE","anger",204.783419271504
"hwvdllev","JeFEE","disgust",188.076027973468
"hwvdllev","JeFEE","sadness",182.099075041823
"hwvdllev","JeFEE","fear",134.244134591827
"hwvdllev","JeFEE","happiness",171.609155508984
"i6jntqic","ADFES","surprise",210.023792830871
"i6jntqic","ADFES","anger",197.755971682891
"i6jntqic","ADFES","disgust",216.766825646264
"i6jntqic","ADFES","sadness",199.62104702258
"i6jntqic","ADFES","fear",210.223599066033
"i6jntqic","ADFES","happiness",229.420772876832
"i6jntqic","JeFEE","surprise",180.087397580627
"i6jntqic","JeFEE","anger",233.189260597224
"i6jntqic","JeFEE","disgust",226.251471687221
"i6jntqic","JeFEE","sadness",242.817717794628
"i6jntqic","JeFEE","fear",195.986921323475
"i6jntqic","JeFEE","happiness",224.23526268595
"ig6tayxh","ADFES","surprise",208.857026288109
"ig6tayxh","ADFES","anger",138.239423612929
"ig6tayxh","ADFES","disgust",178.029879247544
"ig6tayxh","ADFES","sadness",157.287326488926
"ig6tayxh","ADFES","fear",218.281144248311
"ig6tayxh","ADFES","happiness",172.898099296279
"ig6tayxh","JeFEE","surprise",108.143273577143
"ig6tayxh","JeFEE","anger",100.754037944473
"ig6tayxh","JeFEE","disgust",90.0784976751121
"ig6tayxh","JeFEE","sadness",70.2175031153971
"ig6tayxh","JeFEE","fear",89.8235389173646
"ig6tayxh","JeFEE","happiness",148.292247493752
"ii08kyt7","ADFES","surprise",200.563411443086
"ii08kyt7","ADFES","anger",189.111611800495
"ii08kyt7","ADFES","disgust",242.269978988812
"ii08kyt7","ADFES","sadness",208.29033394903
"ii08kyt7","ADFES","fear",222.90189564677
"ii08kyt7","ADFES","happiness",212.222337951824
"ii08kyt7","JeFEE","surprise",193.45912276933
"ii08kyt7","JeFEE","anger",155.870514941382
"ii08kyt7","JeFEE","disgust",172.41282419703
"ii08kyt7","JeFEE","sadness",178.060262072659
"ii08kyt7","JeFEE","fear",157.127779505074
"ii08kyt7","JeFEE","happiness",171.903948184918
"iisgv5ob","ADFES","surprise",168.27743832792
"iisgv5ob","ADFES","anger",130.20592771657
"iisgv5ob","ADFES","disgust",152.666000505736
"iisgv5ob","ADFES","sadness",172.211838914723
"iisgv5ob","ADFES","fear",166.758906230561
"iisgv5ob","ADFES","happiness",174.951355350548
"iisgv5ob","JeFEE","surprise",126.347729878049
"iisgv5ob","JeFEE","anger",112.362816675459
"iisgv5ob","JeFEE","disgust",147.735268936071
"iisgv5ob","JeFEE","sadness",141.66638679445
"iisgv5ob","JeFEE","fear",134.613868695013
"iisgv5ob","JeFEE","happiness",173.663342953245
"ix2h2wzp","ADFES","surprise",175.669766296545
"ix2h2wzp","ADFES","anger",174.897098316653
"ix2h2wzp","ADFES","disgust",236.587438209406
"ix2h2wzp","ADFES","sadness",202.537767971896
"ix2h2wzp","ADFES","fear",216.110726809402
"ix2h2wzp","ADFES","happiness",231.423626426784
"ix2h2wzp","JeFEE","surprise",143.377416822934
"ix2h2wzp","JeFEE","anger",127.711870201547
"ix2h2wzp","JeFEE","disgust",189.024891266834
"ix2h2wzp","JeFEE","sadness",172.472660554428
"ix2h2wzp","JeFEE","fear",143.049378349697
"ix2h2wzp","JeFEE","happiness",200.682901605685
"j126wcyc","ADFES","surprise",233.139260194373
"j126wcyc","ADFES","anger",170.693016517892
"j126wcyc","ADFES","disgust",199.471884248605
"j126wcyc","ADFES","sadness",178.044617595879
"j126wcyc","ADFES","fear",219.052881887286
"j126wcyc","ADFES","happiness",185.077201289783
"j126wcyc","JeFEE","surprise",186.965855620089
"j126wcyc","JeFEE","anger",196.73251198823
"j126wcyc","JeFEE","disgust",167.926120325646
"j126wcyc","JeFEE","sadness",202.277953735635
"j126wcyc","JeFEE","fear",197.183981063816
"j126wcyc","JeFEE","happiness",208.105458251663
"j29qyzxg","ADFES","surprise",226.180638697562
"j29qyzxg","ADFES","anger",223.565442038412
"j29qyzxg","ADFES","disgust",236.856351948035
"j29qyzxg","ADFES","sadness",214.883626798553
"j29qyzxg","ADFES","fear",221.804380445522
"j29qyzxg","ADFES","happiness",246.69539382284
"j29qyzxg","JeFEE","surprise",148.43986668569
"j29qyzxg","JeFEE","anger",160.864630767256
"j29qyzxg","JeFEE","disgust",146.164158386764
"j29qyzxg","JeFEE","sadness",184.141800904052
"j29qyzxg","JeFEE","fear",153.071478954509
"j29qyzxg","JeFEE","happiness",211.491053847005
"je3rjmi2","ADFES","surprise",160.098036367686
"je3rjmi2","ADFES","anger",176.319645246517
"je3rjmi2","ADFES","disgust",188.832194640957
"je3rjmi2","ADFES","sadness",169.404555022713
"je3rjmi2","ADFES","fear",153.867401922717
"je3rjmi2","ADFES","happiness",188.516295200214
"je3rjmi2","JeFEE","surprise",168.209922911454
"je3rjmi2","JeFEE","anger",164.716587154425
"je3rjmi2","JeFEE","disgust",154.544186377925
"je3rjmi2","JeFEE","sadness",173.598036382613
"je3rjmi2","JeFEE","fear",123.663907701964
"je3rjmi2","JeFEE","happiness",172.028354871142
"ji2rd390","ADFES","surprise",183.529196279411
"ji2rd390","ADFES","anger",134.391379550479
"ji2rd390","ADFES","disgust",184.554627902193
"ji2rd390","ADFES","sadness",158.368123982361
"ji2rd390","ADFES","fear",167.440614431042
"ji2rd390","ADFES","happiness",168.147300166533
"ji2rd390","JeFEE","surprise",135.371041196043
"ji2rd390","JeFEE","anger",106.172007820464
"ji2rd390","JeFEE","disgust",118.325748122328
"ji2rd390","JeFEE","sadness",104.158781885433
"ji2rd390","JeFEE","fear",73.9580762808325
"ji2rd390","JeFEE","happiness",127.337759901034
"jktqr01i","ADFES","surprise",74.555857657276
"jktqr01i","ADFES","anger",107.891033326834
"jktqr01i","ADFES","disgust",129.304978121197
"jktqr01i","ADFES","sadness",127.000014858716
"jktqr01i","ADFES","fear",81.0406594385246
"jktqr01i","ADFES","happiness",126.842032252907
"jktqr01i","JeFEE","surprise",135.475956332164
"jktqr01i","JeFEE","anger",166.290963608317
"jktqr01i","JeFEE","disgust",138.775755557979
"jktqr01i","JeFEE","sadness",138.78313061203
"jktqr01i","JeFEE","fear",117.179963107023
"jktqr01i","JeFEE","happiness",157.367498046806
"jv3dj12y","ADFES","surprise",224.664349948319
"jv3dj12y","ADFES","anger",169.778613675825
"jv3dj12y","ADFES","disgust",237.834190568967
"jv3dj12y","ADFES","sadness",214.046043707847
"jv3dj12y","ADFES","fear",194.907556248374
"jv3dj12y","ADFES","happiness",223.171658340035
"jv3dj12y","JeFEE","surprise",198.563808980294
"jv3dj12y","JeFEE","anger",246.984454660371
"jv3dj12y","JeFEE","disgust",243.607724793133
"jv3dj12y","JeFEE","sadness",172.853954317592
"jv3dj12y","JeFEE","fear",176.245987298407
"jv3dj12y","JeFEE","happiness",207.584611717685
"l35gju5h","ADFES","surprise",186.953499776829
"l35gju5h","ADFES","anger",159.352888554154
"l35gju5h","ADFES","disgust",220.344278780742
"l35gju5h","ADFES","sadness",172.695494552813
"l35gju5h","ADFES","fear",206.409022118325
"l35gju5h","ADFES","happiness",206.163122461934
"l35gju5h","JeFEE","surprise",169.544212201317
"l35gju5h","JeFEE","anger",173.635451562534
"l35gju5h","JeFEE","disgust",178.418536407435
"l35gju5h","JeFEE","sadness",183.185273609441
"l35gju5h","JeFEE","fear",151.413887224282
"l35gju5h","JeFEE","happiness",185.521746243695
"lhe9lp4f","ADFES","surprise",212.495078791659
"lhe9lp4f","ADFES","anger",187.799029839833
"lhe9lp4f","ADFES","disgust",221.307002152386
"lhe9lp4f","ADFES","sadness",222.921622239853
"lhe9lp4f","ADFES","fear",207.947522187168
"lhe9lp4f","ADFES","happiness",217.692164539961
"lhe9lp4f","JeFEE","surprise",205.281299601151
"lhe9lp4f","JeFEE","anger",249.325826944707
"lhe9lp4f","JeFEE","disgust",216.805078610744
"lhe9lp4f","JeFEE","sadness",193.561529989565
"lhe9lp4f","JeFEE","fear",171.624878037134
"lhe9lp4f","JeFEE","happiness",206.92496577062
"mb9ge3oi","ADFES","surprise",223.736687135606
"mb9ge3oi","ADFES","anger",214.928801418232
"mb9ge3oi","ADFES","disgust",257.59889454575
"mb9ge3oi","ADFES","sadness",193.698244547682
"mb9ge3oi","ADFES","fear",216.886198543529
"mb9ge3oi","ADFES","happiness",255.57513308352
"mb9ge3oi","JeFEE","surprise",204.676028079032
"mb9ge3oi","JeFEE","anger",234.751355624689
"mb9ge3oi","JeFEE","disgust",170.298016525508
"mb9ge3oi","JeFEE","sadness",190.577863756346
"mb9ge3oi","JeFEE","fear",113.631334206254
"mb9ge3oi","JeFEE","happiness",257.423491987702
"mcv912fz","ADFES","surprise",242.063099409734
"mcv912fz","ADFES","anger",239.664914262158
"mcv912fz","ADFES","disgust",254.094680218438
"mcv912fz","ADFES","sadness",237.815550154823
"mcv912fz","ADFES","fear",241.858024914708
"mcv912fz","ADFES","happiness",215.960011844058
"mcv912fz","JeFEE","surprise",237.82142579277
"mcv912fz","JeFEE","anger",252.580696673554
"mcv912fz","JeFEE","disgust",253.641299404717
"mcv912fz","JeFEE","sadness",249.282016670835
"mcv912fz","JeFEE","fear",244.012934282841
"mcv912fz","JeFEE","happiness",193.809550275837
"mh056tf9","ADFES","surprise",247.433838314115
"mh056tf9","ADFES","anger",227.771541850973
"mh056tf9","ADFES","disgust",255.829902430248
"mh056tf9","ADFES","sadness",210.136292582901
"mh056tf9","ADFES","fear",253.091956636538
"mh056tf9","ADFES","happiness",235.971661868556
"mh056tf9","JeFEE","surprise",175.645696433558
"mh056tf9","JeFEE","anger",227.049682826046
"mh056tf9","JeFEE","disgust",204.900944039758
"mh056tf9","JeFEE","sadness",197.612765344387
"mh056tf9","JeFEE","fear",204.935215926045
"mh056tf9","JeFEE","happiness",203.525298750077
"mpy5eqe2","ADFES","surprise",239.285502344094
"mpy5eqe2","ADFES","anger",178.568204735555
"mpy5eqe2","ADFES","disgust",230.325076233037
"mpy5eqe2","ADFES","sadness",236.595605285219
"mpy5eqe2","ADFES","fear",221.911788125135
"mpy5eqe2","ADFES","happiness",211.187168378115
"mpy5eqe2","JeFEE","surprise",213.561386754624
"mpy5eqe2","JeFEE","anger",195.476607110194
"mpy5eqe2","JeFEE","disgust",204.658375861362
"mpy5eqe2","JeFEE","sadness",180.195486846927
"mpy5eqe2","JeFEE","fear",168.561373134494
"mpy5eqe2","JeFEE","happiness",206.09127069255
"mvxomygc","ADFES","surprise",190.73353389745
"mvxomygc","ADFES","anger",159.906497762193
"mvxomygc","ADFES","disgust",179.71945180768
"mvxomygc","ADFES","sadness",205.03502091243
"mvxomygc","ADFES","fear",171.763276501485
"mvxomygc","ADFES","happiness",228.211783376323
"mvxomygc","JeFEE","surprise",136.082006550152
"mvxomygc","JeFEE","anger",170.803588340225
"mvxomygc","JeFEE","disgust",162.58460353772
"mvxomygc","JeFEE","sadness",140.009316748926
"mvxomygc","JeFEE","fear",174.841502476518
"mvxomygc","JeFEE","happiness",170.08454987774
"mylb0v9w","ADFES","surprise",257.117462772451
"mylb0v9w","ADFES","anger",235.300266319805
"mylb0v9w","ADFES","disgust",244.153248650815
"mylb0v9w","ADFES","sadness",209.684809318125
"mylb0v9w","ADFES","fear",232.001212278576
"mylb0v9w","ADFES","happiness",248.826784327295
"mylb0v9w","JeFEE","surprise",215.400431379129
"mylb0v9w","JeFEE","anger",172.944357020095
"mylb0v9w","JeFEE","disgust",199.550973060795
"mylb0v9w","JeFEE","sadness",191.074223603584
"mylb0v9w","JeFEE","fear",185.33570266727
"mylb0v9w","JeFEE","happiness",184.680422501188
"n5dsmkhd","ADFES","surprise",225.727119180639
"n5dsmkhd","ADFES","anger",223.199251659986
"n5dsmkhd","ADFES","disgust",229.57022945839
"n5dsmkhd","ADFES","sadness",229.687388539702
"n5dsmkhd","ADFES","fear",222.817283632753
"n5dsmkhd","ADFES","happiness",229.681753706158
"n5dsmkhd","JeFEE","surprise",221.471708633963
"n5dsmkhd","JeFEE","anger",212.957732299685
"n5dsmkhd","JeFEE","disgust",229.960080463099
"n5dsmkhd","JeFEE","sadness",208.021756482889
"n5dsmkhd","JeFEE","fear",229.520803676738
"n5dsmkhd","JeFEE","happiness",220.21800072399
"n7yv68im","ADFES","surprise",217.000152524798
"n7yv68im","ADFES","anger",176.825497744757
"n7yv68im","ADFES","disgust",234.464495312033
"n7yv68im","ADFES","sadness",201.856197899021
"n7yv68im","ADFES","fear",224.316030530457
"n7yv68im","ADFES","happiness",190.487298468414
"n7yv68im","JeFEE","surprise",171.962039844554
"n7yv68im","JeFEE","anger",155.950356387569
"n7yv68im","JeFEE","disgust",156.198502593967
"n7yv68im","JeFEE","sadness",189.408410909378
"n7yv68im","JeFEE","fear",133.346855727898
"n7yv68im","JeFEE","happiness",201.592869529955
"nkcfvk3e","ADFES","surprise",226.336232810728
"nkcfvk3e","ADFES","anger",220.667779626793
"nkcfvk3e","ADFES","disgust",228.958044885834
"nkcfvk3e","ADFES","sadness",187.718376853842
"nkcfvk3e","ADFES","fear",236.991401198717
"nkcfvk3e","ADFES","happiness",233.536841775775
"nkcfvk3e","JeFEE","surprise",184.426919511306
"nkcfvk3e","JeFEE","anger",182.112983889551
"nkcfvk3e","JeFEE","disgust",206.303225376319
"nkcfvk3e","JeFEE","sadness",111.881157546379
"nkcfvk3e","JeFEE","fear",139.088962632414
"nkcfvk3e","JeFEE","happiness",187.337476873619
"o2z7pip6","ADFES","surprise",216.79352977263
"o2z7pip6","ADFES","anger",174.193999650342
"o2z7pip6","ADFES","disgust",227.799995027346
"o2z7pip6","ADFES","sadness",174.331719827651
"o2z7pip6","ADFES","fear",232.429850034916
"o2z7pip6","ADFES","happiness",240.96554803567
"o2z7pip6","JeFEE","surprise",187.105195516153
"o2z7pip6","JeFEE","anger",165.06627678161
"o2z7pip6","JeFEE","disgust",172.987300175917
"o2z7pip6","JeFEE","sadness",141.573674111541
"o2z7pip6","JeFEE","fear",152.251124985138
"o2z7pip6","JeFEE","happiness",197.561275077643
"orbkyveq","ADFES","surprise",229.537304096488
"orbkyveq","ADFES","anger",220.640625822165
"orbkyveq","ADFES","disgust",249.283745526067
"orbkyveq","ADFES","sadness",228.454211162461
"orbkyveq","ADFES","fear",244.537389071102
"orbkyveq","ADFES","happiness",248.378234850223
"orbkyveq","JeFEE","surprise",196.240637920754
"orbkyveq","JeFEE","anger",194.556889454249
"orbkyveq","JeFEE","disgust",149.630181329359
"orbkyveq","JeFEE","sadness",202.420235976768
"orbkyveq","JeFEE","fear",206.579158068011
"orbkyveq","JeFEE","happiness",211.69839849132
"ot2a67oz","ADFES","surprise",204.336820319016
"ot2a67oz","ADFES","anger",160.25791719476
"ot2a67oz","ADFES","disgust",198.626678310485
"ot2a67oz","ADFES","sadness",169.348001945047
"ot2a67oz","ADFES","fear",212.622745655217
"ot2a67oz","ADFES","happiness",198.58904723817
"ot2a67oz","JeFEE","surprise",152.463986545262
"ot2a67oz","JeFEE","anger",171.750283997893
"ot2a67oz","JeFEE","disgust",171.697057489427
"ot2a67oz","JeFEE","sadness",176.213378487471
"ot2a67oz","JeFEE","fear",164.046262666606
"ot2a67oz","JeFEE","happiness",180.532045384768
"pazaw89c","ADFES","surprise",168.816227637808
"pazaw89c","ADFES","anger",136.193081464333
"pazaw89c","ADFES","disgust",146.675272149725
"pazaw89c","ADFES","sadness",139.954231612349
"pazaw89c","ADFES","fear",169.91089362164
"pazaw89c","ADFES","happiness",135.971600351232
"pazaw89c","JeFEE","surprise",119.439983442039
"pazaw89c","JeFEE","anger",137.978125759267
"pazaw89c","JeFEE","disgust",145.16914254691
"pazaw89c","JeFEE","sadness",106.402535413003
"pazaw89c","JeFEE","fear",116.721506254519
"pazaw89c","JeFEE","happiness",147.04671999465
"q22rvuoa","ADFES","surprise",206.234856975394
"q22rvuoa","ADFES","anger",194.494851742569
"q22rvuoa","ADFES","disgust",233.082806648024
"q22rvuoa","ADFES","sadness",217.062228929898
"q22rvuoa","ADFES","fear",223.38946906486
"q22rvuoa","ADFES","happiness",173.135886666419
"q22rvuoa","JeFEE","surprise",182.317815802773
"q22rvuoa","JeFEE","anger",178.000968049327
"q22rvuoa","JeFEE","disgust",204.516893015095
"q22rvuoa","JeFEE","sadness",189.756675034986
"q22rvuoa","JeFEE","fear",118.082077830359
"q22rvuoa","JeFEE","happiness",163.226037248544
"qacnye5g","ADFES","surprise",142.745611330732
"qacnye5g","ADFES","anger",158.441342730017
"qacnye5g","ADFES","disgust",203.177406451116
"qacnye5g","ADFES","sadness",183.289334636342
"qacnye5g","ADFES","fear",168.530013972226
"qacnye5g","ADFES","happiness",226.386001021811
"qacnye5g","JeFEE","surprise",124.868524855351
"qacnye5g","JeFEE","anger",137.120007213484
"qacnye5g","JeFEE","disgust",105.821359085871
"qacnye5g","JeFEE","sadness",119.604541658758
"qacnye5g","JeFEE","fear",135.409545170897
"qacnye5g","JeFEE","happiness",115.329986804533
"r362zfk9","ADFES","surprise",227.742581531964
"r362zfk9","ADFES","anger",218.660270671665
"r362zfk9","ADFES","disgust",192.560672681448
"r362zfk9","ADFES","sadness",203.928064730878
"r362zfk9","ADFES","fear",225.441470044202
"r362zfk9","ADFES","happiness",230.825179883269
"r362zfk9","JeFEE","surprise",163.302748914516
"r362zfk9","JeFEE","anger",124.145735124415
"r362zfk9","JeFEE","disgust",186.486455046589
"r362zfk9","JeFEE","sadness",199.676203034231
"r362zfk9","JeFEE","fear",128.507845220152
"r362zfk9","JeFEE","happiness",121.299953502423
"s0nlid8m","ADFES","surprise",196.893872093805
"s0nlid8m","ADFES","anger",162.270945694246
"s0nlid8m","ADFES","disgust",196.061593816373
"s0nlid8m","ADFES","sadness",144.034036403445
"s0nlid8m","ADFES","fear",235.021537815899
"s0nlid8m","ADFES","happiness",179.692452977625
"s0nlid8m","JeFEE","surprise",186.312111729534
"s0nlid8m","JeFEE","anger",151.697579254621
"s0nlid8m","JeFEE","disgust",150.257362936431
"s0nlid8m","JeFEE","sadness",132.734460379739
"s0nlid8m","JeFEE","fear",133.210806749249
"s0nlid8m","JeFEE","happiness",140.821759966703
"sm064jgm","ADFES","surprise",187.199326977967
"sm064jgm","ADFES","anger",177.857067150171
"sm064jgm","ADFES","disgust",214.536432769337
"sm064jgm","ADFES","sadness",200.74436401736
"sm064jgm","ADFES","fear",215.452666445701
"sm064jgm","ADFES","happiness",221.78041602335
"sm064jgm","JeFEE","surprise",192.982051321902
"sm064jgm","JeFEE","anger",218.405251297138
"sm064jgm","JeFEE","disgust",194.985053499523
"sm064jgm","JeFEE","sadness",194.445917650276
"sm064jgm","JeFEE","fear",175.880721010759
"sm064jgm","JeFEE","happiness",189.724412601585
"so42f37a","ADFES","surprise",250.543930128038
"so42f37a","ADFES","anger",225.581856254698
"so42f37a","ADFES","disgust",196.382659126439
"so42f37a","ADFES","sadness",178.180526726679
"so42f37a","ADFES","fear",221.271927390704
"so42f37a","ADFES","happiness",186.95019438425
"so42f37a","JeFEE","surprise",158.818465245335
"so42f37a","JeFEE","anger",151.981500673113
"so42f37a","JeFEE","disgust",149.977637355664
"so42f37a","JeFEE","sadness",129.572541789523
"so42f37a","JeFEE","fear",133.896474682518
"so42f37a","JeFEE","happiness",151.321132484284
"t10d4kgz","ADFES","surprise",190.412586070712
"t10d4kgz","ADFES","anger",191.43020338865
"t10d4kgz","ADFES","disgust",218.542753229072
"t10d4kgz","ADFES","sadness",169.070047383491
"t10d4kgz","ADFES","fear",213.654452254702
"t10d4kgz","ADFES","happiness",235.644705294287
"t10d4kgz","JeFEE","surprise",168.944624448839
"t10d4kgz","JeFEE","anger",143.411295474922
"t10d4kgz","JeFEE","disgust",178.217877720864
"t10d4kgz","JeFEE","sadness",133.836339020206
"t10d4kgz","JeFEE","fear",158.659713911439
"t10d4kgz","JeFEE","happiness",203.221023716189
"t1vpm2x9","ADFES","surprise",167.783586754223
"t1vpm2x9","ADFES","anger",139.216091970688
"t1vpm2x9","ADFES","disgust",181.289488848184
"t1vpm2x9","ADFES","sadness",146.251273186092
"t1vpm2x9","ADFES","fear",171.633905897249
"t1vpm2x9","ADFES","happiness",203.425024651743
"t1vpm2x9","JeFEE","surprise",136.579777743138
"t1vpm2x9","JeFEE","anger",139.896799617664
"t1vpm2x9","JeFEE","disgust",142.049412897303
"t1vpm2x9","JeFEE","sadness",128.692855239499
"t1vpm2x9","JeFEE","fear",135.755004287634
"t1vpm2x9","JeFEE","happiness",174.883245762716
"tdi70eu6","ADFES","surprise",178.424102044895
"tdi70eu6","ADFES","anger",140.111700347626
"tdi70eu6","ADFES","disgust",168.18299313054
"tdi70eu6","ADFES","sadness",168.819560503739
"tdi70eu6","ADFES","fear",179.89837157175
"tdi70eu6","ADFES","happiness",194.527494431801
"tdi70eu6","JeFEE","surprise",175.168591200143
"tdi70eu6","JeFEE","anger",206.772591513964
"tdi70eu6","JeFEE","disgust",207.098084587146
"tdi70eu6","JeFEE","sadness",176.530910410859
"tdi70eu6","JeFEE","fear",145.419597950331
"tdi70eu6","JeFEE","happiness",184.468657241573
"tebmtd92","ADFES","surprise",234.010074345439
"tebmtd92","ADFES","anger",240.198022149263
"tebmtd92","ADFES","disgust",261.001223894214
"tebmtd92","ADFES","sadness",190.438177772404
"tebmtd92","ADFES","fear",235.71101604015
"tebmtd92","ADFES","happiness",255.474918350666
"tebmtd92","JeFEE","surprise",201.654622476228
"tebmtd92","JeFEE","anger",231.174251446022
"tebmtd92","JeFEE","disgust",190.861687771728
"tebmtd92","JeFEE","sadness",150.346139453119
"tebmtd92","JeFEE","fear",202.581253881069
"tebmtd92","JeFEE","happiness",201.530195478137
"tie104rp","ADFES","surprise",235.349025687073
"tie104rp","ADFES","anger",203.821817823286
"tie104rp","ADFES","disgust",247.161960974286
"tie104rp","ADFES","sadness",226.577667290219
"tie104rp","ADFES","fear",222.181015251897
"tie104rp","ADFES","happiness",255.424821833543
"tie104rp","JeFEE","surprise",196.941177323671
"tie104rp","JeFEE","anger",203.376455252126
"tie104rp","JeFEE","disgust",188.034973527773
"tie104rp","JeFEE","sadness",191.799901813341
"tie104rp","JeFEE","fear",196.086455060665
"tie104rp","JeFEE","happiness",200.338850213108
"to4qz7t0","ADFES","surprise",224.965260904276
"to4qz7t0","ADFES","anger",172.539748523879
"to4qz7t0","ADFES","disgust",196.26842868168
"to4qz7t0","ADFES","sadness",187.424756739867
"to4qz7t0","ADFES","fear",199.784883235115
"to4qz7t0","ADFES","happiness",240.02304490918
"to4qz7t0","JeFEE","surprise",209.039101971266
"to4qz7t0","JeFEE","anger",183.901951618573
"to4qz7t0","JeFEE","disgust",221.787647253923
"to4qz7t0","JeFEE","sadness",213.820428550663
"to4qz7t0","JeFEE","fear",219.929257387998
"to4qz7t0","JeFEE","happiness",171.50142413876
"tvhruw8t","ADFES","surprise",237.969406794623
"tvhruw8t","ADFES","anger",212.279066943254
"tvhruw8t","ADFES","disgust",234.518194641346
"tvhruw8t","ADFES","sadness",199.693651108256
"tvhruw8t","ADFES","fear",213.853933780409
"tvhruw8t","ADFES","happiness",212.128955203427
"tvhruw8t","JeFEE","surprise",229.2761310182
"tvhruw8t","JeFEE","anger",202.461267566681
"tvhruw8t","JeFEE","disgust",223.418279972425
"tvhruw8t","JeFEE","sadness",172.954475176467
"tvhruw8t","JeFEE","fear",153.235788013068
"tvhruw8t","JeFEE","happiness",174.716100398883
"ug4upoq8","ADFES","surprise",224.406013173391
"ug4upoq8","ADFES","anger",226.101367898031
"ug4upoq8","ADFES","disgust",231.520674838914
"ug4upoq8","ADFES","sadness",201.39903710666
"ug4upoq8","ADFES","fear",236.233877318783
"ug4upoq8","ADFES","happiness",215.146891381914
"ug4upoq8","JeFEE","surprise",167.588451728021
"ug4upoq8","JeFEE","anger",183.624284914346
"ug4upoq8","JeFEE","disgust",138.92356364989
"ug4upoq8","JeFEE","sadness",164.391376872791
"ug4upoq8","JeFEE","fear",161.403472314683
"ug4upoq8","JeFEE","happiness",167.942925934786
"upk4mqeg","ADFES","surprise",204.658308713677
"upk4mqeg","ADFES","anger",155.005805755433
"upk4mqeg","ADFES","disgust",211.263410603964
"upk4mqeg","ADFES","sadness",206.095623801217
"upk4mqeg","ADFES","fear",199.330872188242
"upk4mqeg","ADFES","happiness",228.596153680448
"upk4mqeg","JeFEE","surprise",205.541932275436
"upk4mqeg","JeFEE","anger",161.107101030266
"upk4mqeg","JeFEE","disgust",162.30802516183
"upk4mqeg","JeFEE","sadness",160.875103968713
"upk4mqeg","JeFEE","fear",169.185509060695
"upk4mqeg","JeFEE","happiness",207.641243655328
"utiwr12j","ADFES","surprise",223.403897384294
"utiwr12j","ADFES","anger",193.642118560365
"utiwr12j","ADFES","disgust",251.382846753474
"utiwr12j","ADFES","sadness",174.377156495468
"utiwr12j","ADFES","fear",209.716717494256
"utiwr12j","ADFES","happiness",205.975502052574
"utiwr12j","JeFEE","surprise",195.719498033174
"utiwr12j","JeFEE","anger",207.203156015262
"utiwr12j","JeFEE","disgust",214.137126451379
"utiwr12j","JeFEE","sadness",197.805460508613
"utiwr12j","JeFEE","fear",172.091027913743
"utiwr12j","JeFEE","happiness",165.270859966101
"v68f7op5","ADFES","surprise",211.961826390983
"v68f7op5","ADFES","anger",202.378190234226
"v68f7op5","ADFES","disgust",206.440601690922
"v68f7op5","ADFES","sadness",194.411271217153
"v68f7op5","ADFES","fear",190.961324889522
"v68f7op5","ADFES","happiness",217.620747957328
"v68f7op5","JeFEE","surprise",179.435184007922
"v68f7op5","JeFEE","anger",178.544738450251
"v68f7op5","JeFEE","disgust",181.675076578031
"v68f7op5","JeFEE","sadness",151.234692604437
"v68f7op5","JeFEE","fear",141.136450907748
"v68f7op5","JeFEE","happiness",207.861690099034
"vvbrppbq","ADFES","surprise",244.837493283067
"vvbrppbq","ADFES","anger",187.371738514431
"vvbrppbq","ADFES","disgust",204.558322693322
"vvbrppbq","ADFES","sadness",195.697479351934
"vvbrppbq","ADFES","fear",199.86806433144
"vvbrppbq","ADFES","happiness",222.977290699512
"vvbrppbq","JeFEE","surprise",201.462870595203
"vvbrppbq","JeFEE","anger",193.828082620081
"vvbrppbq","JeFEE","disgust",197.276030456176
"vvbrppbq","JeFEE","sadness",174.106691199204
"vvbrppbq","JeFEE","fear",188.762837153764
"vvbrppbq","JeFEE","happiness",182.613784237848
"wtxckmxu","ADFES","surprise",244.650848806887
"wtxckmxu","ADFES","anger",222.977297897405
"wtxckmxu","ADFES","disgust",210.666763336466
"wtxckmxu","ADFES","sadness",215.652066573625
"wtxckmxu","ADFES","fear",223.79840732894
"wtxckmxu","ADFES","happiness",231.072225238724
"wtxckmxu","JeFEE","surprise",158.040011038178
"wtxckmxu","JeFEE","anger",190.302232551338
"wtxckmxu","JeFEE","disgust",167.517761533768
"wtxckmxu","JeFEE","sadness",225.739431035986
"wtxckmxu","JeFEE","fear",188.518933144798
"wtxckmxu","JeFEE","happiness",185.606135461725
"xj11h22r","ADFES","surprise",215.789662063601
"xj11h22r","ADFES","anger",196.945903572725
"xj11h22r","ADFES","disgust",204.550160444367
"xj11h22r","ADFES","sadness",214.307273778386
"xj11h22r","ADFES","fear",209.105857891339
"xj11h22r","ADFES","happiness",199.305055683594
"xj11h22r","JeFEE","surprise",196.412845203064
"xj11h22r","JeFEE","anger",185.642403993352
"xj11h22r","JeFEE","disgust",175.745454762665
"xj11h22r","JeFEE","sadness",202.665311968695
"xj11h22r","JeFEE","fear",170.564291408877
"xj11h22r","JeFEE","happiness",171.322444039758
"y87qkks4","ADFES","surprise",235.924012535272
"y87qkks4","ADFES","anger",211.229364518833
"y87qkks4","ADFES","disgust",229.06435107692
"y87qkks4","ADFES","sadness",220.490923102311
"y87qkks4","ADFES","fear",244.654139791488
"y87qkks4","ADFES","happiness",212.938603511959
"y87qkks4","JeFEE","surprise",197.84811643893
"y87qkks4","JeFEE","anger",235.153336650963
"y87qkks4","JeFEE","disgust",194.54311157202
"y87qkks4","JeFEE","sadness",161.973424723911
"y87qkks4","JeFEE","fear",173.658367942353
"y87qkks4","JeFEE","happiness",202.506723981546
"ygrth0br","ADFES","surprise",229.823264485169
"ygrth0br","ADFES","anger",206.880497432248
"ygrth0br","ADFES","disgust",203.389311941254
"ygrth0br","ADFES","sadness",214.653918439891
"ygrth0br","ADFES","fear",212.103174730847
"ygrth0br","ADFES","happiness",221.728622721461
"ygrth0br","JeFEE","surprise",213.409219514182
"ygrth0br","JeFEE","anger",183.141348865116
"ygrth0br","JeFEE","disgust",151.651133953083
"ygrth0br","JeFEE","sadness",163.986643791888
"ygrth0br","JeFEE","fear",164.919113431906
"ygrth0br","JeFEE","happiness",166.268778790651
"yr9r7swn","ADFES","surprise",211.417665056119
"yr9r7swn","ADFES","anger",159.888869553152
"yr9r7swn","ADFES","disgust",189.835785164315
"yr9r7swn","ADFES","sadness",197.437814636168
"yr9r7swn","ADFES","fear",225.596145037186
"yr9r7swn","ADFES","happiness",240.442551247702
"yr9r7swn","JeFEE","surprise",175.890765428293
"yr9r7swn","JeFEE","anger",158.29217868963
"yr9r7swn","JeFEE","disgust",181.865942666899
"yr9r7swn","JeFEE","sadness",163.203472287228
"yr9r7swn","JeFEE","fear",147.19127540796
"yr9r7swn","JeFEE","happiness",198.966618743034
"yybqcvmn","ADFES","surprise",257.275314450533
"yybqcvmn","ADFES","anger",198.593804461839
"yybqcvmn","ADFES","disgust",220.333878491857
"yybqcvmn","ADFES","sadness",195.620888877623
"yybqcvmn","ADFES","fear",258.846540785865
"yybqcvmn","ADFES","happiness",249.0502289221
"yybqcvmn","JeFEE","surprise",232.171656326915
"yybqcvmn","JeFEE","anger",177.479219925897
"yybqcvmn","JeFEE","disgust",230.222254985074
"yybqcvmn","JeFEE","sadness",181.121548569057
"yybqcvmn","JeFEE","fear",176.772828178239
"yybqcvmn","JeFEE","happiness",215.866018624875
"z0ymvwd9","ADFES","surprise",206.11665327613
"z0ymvwd9","ADFES","anger",176.611111977951
"z0ymvwd9","ADFES","disgust",203.642024235463
"z0ymvwd9","ADFES","sadness",222.377311216255
"z0ymvwd9","ADFES","fear",205.788468607927
"z0ymvwd9","ADFES","happiness",171.856418684997
"z0ymvwd9","JeFEE","surprise",207.273286826921
"z0ymvwd9","JeFEE","anger",181.25054910662
"z0ymvwd9","JeFEE","disgust",241.535675710277
"z0ymvwd9","JeFEE","sadness",211.800415726386
"z0ymvwd9","JeFEE","fear",196.662641097457
"z0ymvwd9","JeFEE","happiness",166.223396044446
"z8oj5iji","ADFES","surprise",182.561956252725
"z8oj5iji","ADFES","anger",189.696153571305
"z8oj5iji","ADFES","disgust",171.621589513964
"z8oj5iji","ADFES","sadness",186.128964207527
"z8oj5iji","ADFES","fear",216.817169695613
"z8oj5iji","ADFES","happiness",180.624209316919
"z8oj5iji","JeFEE","surprise",195.083229778464
"z8oj5iji","JeFEE","anger",210.549333672467
"z8oj5iji","JeFEE","disgust",132.694009892843
"z8oj5iji","JeFEE","sadness",182.541564002194
"z8oj5iji","JeFEE","fear",157.80899230847
"z8oj5iji","JeFEE","happiness",187.265721375423
"zemiizcq","ADFES","surprise",248.764838724864
"zemiizcq","ADFES","anger",218.373160507121
"zemiizcq","ADFES","disgust",245.294211243839
"zemiizcq","ADFES","sadness",239.399597341924
"zemiizcq","ADFES","fear",232.345307081214
"zemiizcq","ADFES","happiness",248.228342406705
"zemiizcq","JeFEE","surprise",240.947240200478
"zemiizcq","JeFEE","anger",222.0274310098
"zemiizcq","JeFEE","disgust",222.732440876589
"zemiizcq","JeFEE","sadness",188.309624675172
"zemiizcq","JeFEE","fear",224.525610120141
"zemiizcq","JeFEE","happiness",250.28076514015
"zzoz9ll0","ADFES","surprise",240.692227178818
"zzoz9ll0","ADFES","anger",226.284104812818
"zzoz9ll0","ADFES","disgust",244.546451536876
"zzoz9ll0","ADFES","sadness",227.2837914239
"zzoz9ll0","ADFES","fear",246.248734564936
"zzoz9ll0","ADFES","happiness",202.547296708767
"zzoz9ll0","JeFEE","surprise",191.121913873726
"zzoz9ll0","JeFEE","anger",180.255886856722
"zzoz9ll0","JeFEE","disgust",241.647319828644
"zzoz9ll0","JeFEE","sadness",203.428342402644
"zzoz9ll0","JeFEE","fear",190.155310007734
"zzoz9ll0","JeFEE","happiness",197.087225317929
