Event Index,UTC Timestamp,UTC Date,Local Timestamp,Local Timezone,Local Date,Experiment ID,Experiment Version,Tree Node Key,Repeat Key,Schedule ID,Participant Public ID,Participant Private ID,Participant Starting Group,Participant Status,Participant Completion Code,Participant External Session ID,Participant Device Type,Participant Device,Participant OS,Participant Browser,Participant Monitor Size,Participant Viewport Size,Checkpoint,Task Name,Task Version,checkpoint-7qdz,branch-3wqq,Randomise questionnaire elements?,Question Key,Response
1,1681804778447,18/04/2023 07:59:38,1681804783181,2,18/04/2023 09:59:43,88303,13,questionnaire-fh17,,28930198,tk9rc93b,8615075,,complete,,,computer,Desktop or Laptop,Windows 10,Firefox 111.0,1920x1200,1920x1047,Consent check,Generic Consent,1,Consent check,PW,No,BEGIN QUESTIONNAIRE,
2,1681804792285,18/04/2023 07:59:52,1681804797066,2,18/04/2023 09:59:57,88303,13,questionnaire-fh17,,28930198,tk9rc93b,8615075,,complete,,,computer,Desktop or Laptop,Windows 10,Firefox 111.0,1920x1200,1920x1047,Consent check,Generic Consent,1,Consent check,PW,No,ConsentFlag,1
3,1681804792434,18/04/2023 07:59:52,1681804797067,2,18/04/2023 09:59:57,88303,13,questionnaire-fh17,,28930198,tk9rc93b,8615075,,complete,,,computer,Desktop or Laptop,Windows 10,Firefox 111.0,1920x1200,1920x1047,Consent check,Generic Consent,1,Consent check,PW,No,END QUESTIONNAIRE,13886
1,1683038019822,02/05/2023 14:33:39,1683037968016,2,02/05/2023 16:32:48,88303,13,questionnaire-fh17,,29231537,i1d40oys,8706310,,complete,,,computer,Desktop or Laptop,Windows 10,Chrome 109.0.0.0,1536x960,1536x819,Consent check,Generic Consent,1,Consent check,PW,No,BEGIN QUESTIONNAIRE,
2,1683038023286,02/05/2023 14:33:43,1683037971527,2,02/05/2023 16:32:51,88303,13,questionnaire-fh17,,29231537,i1d40oys,8706310,,complete,,,computer,Desktop or Laptop,Windows 10,Chrome 109.0.0.0,1536x960,1536x819,Consent check,Generic Consent,1,Consent check,PW,No,ConsentFlag,1
3,1683038023430,02/05/2023 14:33:43,1683037971531,2,02/05/2023 16:32:51,88303,13,questionnaire-fh17,,29231537,i1d40oys,8706310,,complete,,,computer,Desktop or Laptop,Windows 10,Chrome 109.0.0.0,1536x960,1536x819,Consent check,Generic Consent,1,Consent check,PW,No,END QUESTIONNAIRE,3515
1,1684835893799,23/05/2023 09:58:13,1684835900521,2,23/05/2023 11:58:20,88303,13,questionnaire-fh17,,29667968,pen6shs7,8825566,,complete,,,computer,Desktop or Laptop,Windows 10,Chrome 113.0.0.0,1093x615,1094x504,Consent check,Generic Consent,1,Consent check,PW,No,BEGIN QUESTIONNAIRE,
2,1684835914934,23/05/2023 09:58:34,1684835921673,2,23/05/2023 11:58:41,88303,13,questionnaire-fh17,,29667968,pen6shs7,8825566,,complete,,,computer,Desktop or Laptop,Windows 10,Chrome 113.0.0.0,1093x615,1077x504,Consent check,Generic Consent,1,Consent check,PW,No,ConsentFlag,1
3,1684835915237,23/05/2023 09:58:35,1684835921677,2,23/05/2023 11:58:41,88303,13,questionnaire-fh17,,29667968,pen6shs7,8825566,,complete,,,computer,Desktop or Laptop,Windows 10,Chrome 113.0.0.0,1093x615,1077x504,Consent check,Generic Consent,1,Consent check,PW,No,END QUESTIONNAIRE,21157
1,1684836416342,23/05/2023 10:06:56,1684836416237,2,23/05/2023 12:06:56,88303,13,questionnaire-fh17,,29668214,7zfafnfq,8825641,,complete,,,computer,Desktop or Laptop,Windows 10,Chrome 113.0.0.0,1280x720,1280x577,Consent check,Generic Consent,1,Consent check,PW,No,BEGIN QUESTIONNAIRE,
2,1684836450525,23/05/2023 10:07:30,1684836450446,2,23/05/2023 12:07:30,88303,13,questionnaire-fh17,,29668214,7zfafnfq,8825641,,complete,,,computer,Desktop or Laptop,Windows 10,Chrome 113.0.0.0,1280x720,1280x577,Consent check,Generic Consent,1,Consent check,PW,No,ConsentFlag,1
3,1684836450613,23/05/2023 10:07:30,1684836450446,2,23/05/2023 12:07:30,88303,13,questionnaire-fh17,,29668214,7zfafnfq,8825641,,complete,,,computer,Desktop or Laptop,Windows 10,Chrome 113.0.0.0,1280x720,1280x577,Consent check,Generic Consent,1,Consent check,PW,No,END QUESTIONNAIRE,34209
1,1683579169849,08/05/2023 20:52:49,1683579170679,2,08/05/2023 22:52:50,88303,13,questionnaire-fh17,,29375126,zmlc6h4w,8744375,,complete,,,computer,Desktop or Laptop,Windows 10,Firefox 110.0,1920x1080,1920x947,Consent check,Generic Consent,1,Consent check,PW,No,BEGIN QUESTIONNAIRE,
2,1683579194494,08/05/2023 20:53:14,1683579195363,2,08/05/2023 22:53:15,88303,13,questionnaire-fh17,,29375126,zmlc6h4w,8744375,,complete,,,computer,Desktop or Laptop,Windows 10,Firefox 110.0,1920x1080,1920x947,Consent check,Generic Consent,1,Consent check,PW,No,ConsentFlag,1
3,1683579194610,08/05/2023 20:53:14,1683579195365,2,08/05/2023 22:53:15,88303,13,questionnaire-fh17,,29375126,zmlc6h4w,8744375,,complete,,,computer,Desktop or Laptop,Windows 10,Firefox 110.0,1920x1080,1920x947,Consent check,Generic Consent,1,Consent check,PW,No,END QUESTIONNAIRE,24686
1,1683540161241,08/05/2023 10:02:41,1683540161141,2,08/05/2023 12:02:41,88303,13,questionnaire-fh17,,29358849,kaa25up2,8740076,,complete,,,computer,Desktop or Laptop,Mac OS 10.15.7,Chrome 112.0.0.0,1440x900,1440x821,Consent check,Generic Consent,1,Consent check,PW,No,BEGIN QUESTIONNAIRE,
2,1683540175660,08/05/2023 10:02:55,1683540175602,2,08/05/2023 12:02:55,88303,13,questionnaire-fh17,,29358849,kaa25up2,8740076,,complete,,,computer,Desktop or Laptop,Mac OS 10.15.7,Chrome 112.0.0.0,1440x900,1440x821,Consent check,Generic Consent,1,Consent check,PW,No,ConsentFlag,1
3,1683540175758,08/05/2023 10:02:55,1683540175605,2,08/05/2023 12:02:55,88303,13,questionnaire-fh17,,29358849,kaa25up2,8740076,,complete,,,computer,Desktop or Laptop,Mac OS 10.15.7,Chrome 112.0.0.0,1440x900,1440x821,Consent check,Generic Consent,1,Consent check,PW,No,END QUESTIONNAIRE,14464
1,1683300036476,05/05/2023 15:20:36,1683300036428,2,05/05/2023 17:20:36,88303,13,questionnaire-fh17,,29322639,csko0bac,8731477,,complete,,,computer,Desktop or Laptop,Windows 10,Chrome 112.0.0.0,1536x864,1536x722,Consent check,Generic Consent,1,Consent check,PW,No,BEGIN QUESTIONNAIRE,
2,1683300114604,05/05/2023 15:21:54,1683300114562,2,05/05/2023 17:21:54,88303,13,questionnaire-fh17,,29322639,csko0bac,8731477,,complete,,,computer,Desktop or Laptop,Windows 10,Chrome 112.0.0.0,1536x864,1536x722,Consent check,Generic Consent,1,Consent check,PW,No,ConsentFlag,1
3,1683300114683,05/05/2023 15:21:54,1683300114563,2,05/05/2023 17:21:54,88303,13,questionnaire-fh17,,29322639,csko0bac,8731477,,complete,,,computer,Desktop or Laptop,Windows 10,Chrome 112.0.0.0,1536x864,1536x722,Consent check,Generic Consent,1,Consent check,PW,No,END QUESTIONNAIRE,78135
1,1681913947602,19/04/2023 14:19:07,1681913948135,2,19/04/2023 16:19:08,88303,13,questionnaire-fh17,,28967316,1hwj1uba,8627266,,complete,,,computer,Desktop or Laptop,Windows 10,Firefox 112.0,1366x768,1366x615,Consent check,Generic Consent,1,Consent check,PW,No,BEGIN QUESTIONNAIRE,
2,1681913984786,19/04/2023 14:19:44,1681913985626,2,19/04/2023 16:19:45,88303,13,questionnaire-fh17,,28967316,1hwj1uba,8627266,,complete,,,computer,Desktop or Laptop,Windows 10,Firefox 112.0,1366x768,1366x615,Consent check,Generic Consent,1,Consent check,PW,No,ConsentFlag,1
3,1681913984904,19/04/2023 14:19:44,1681913985628,2,19/04/2023 16:19:45,88303,13,questionnaire-fh17,,28967316,1hwj1uba,8627266,,complete,,,computer,Desktop or Laptop,Windows 10,Firefox 112.0,1366x768,1366x615,Consent check,Generic Consent,1,Consent check,PW,No,END QUESTIONNAIRE,37492
1,1681842472637,18/04/2023 18:27:52,1681842474375,2,18/04/2023 20:27:54,88303,13,questionnaire-fh17,,28948007,x6n8do19,8620978,,complete,,,computer,Desktop or Laptop,Windows 10,Chrome 111.0.0.0,1280x720,1280x552,Consent check,Generic Consent,1,Consent check,PW,No,BEGIN QUESTIONNAIRE,
2,1681842500240,18/04/2023 18:28:20,1681842502034,2,18/04/2023 20:28:22,88303,13,questionnaire-fh17,,28948007,x6n8do19,8620978,,complete,,,computer,Desktop or Laptop,Windows 10,Chrome 111.0.0.0,1280x720,1280x552,Consent check,Generic Consent,1,Consent check,PW,No,ConsentFlag,1
3,1681842500353,18/04/2023 18:28:20,1681842502035,2,18/04/2023 20:28:22,88303,13,questionnaire-fh17,,28948007,x6n8do19,8620978,,complete,,,computer,Desktop or Laptop,Windows 10,Chrome 111.0.0.0,1280x720,1280x552,Consent check,Generic Consent,1,Consent check,PW,No,END QUESTIONNAIRE,27660
1,1681833339092,18/04/2023 15:55:39,1681833390398,2,18/04/2023 17:56:30,88303,13,questionnaire-fh17,,28944308,st7dudph,8619759,,complete,,,computer,Desktop or Laptop,Windows 10,Chrome 111.0.0.0,1536x864,1536x722,Consent check,Generic Consent,1,Consent check,PW,No,BEGIN QUESTIONNAIRE,
2,1681833439333,18/04/2023 15:57:19,1681833490636,2,18/04/2023 17:58:10,88303,13,questionnaire-fh17,,28944308,st7dudph,8619759,,complete,,,computer,Desktop or Laptop,Windows 10,Chrome 111.0.0.0,1536x864,1536x722,Consent check,Generic Consent,1,Consent check,PW,No,ConsentFlag,1
3,1681833439488,18/04/2023 15:57:19,1681833490638,2,18/04/2023 17:58:10,88303,13,questionnaire-fh17,,28944308,st7dudph,8619759,,complete,,,computer,Desktop or Laptop,Windows 10,Chrome 111.0.0.0,1536x864,1536x722,Consent check,Generic Consent,1,Consent check,PW,No,END QUESTIONNAIRE,100240
1,1679148043627,18/03/2023 14:00:43,1679148044614,1,18/03/2023 15:00:44,88303,13,questionnaire-fh17,,28234498,y0n76gg5,8388015,,complete,,,computer,Desktop or Laptop,Windows 10,Chrome 109.0.0.0,1366x768,911x438,Consent check,Generic Consent,1,Consent check,PW,No,BEGIN QUESTIONNAIRE,
2,1679148060477,18/03/2023 14:01:00,1679148061506,1,18/03/2023 15:01:01,88303,13,questionnaire-fh17,,28234498,y0n76gg5,8388015,,complete,,,computer,Desktop or Laptop,Windows 10,Chrome 109.0.0.0,1366x768,1366x657,Consent check,Generic Consent,1,Consent check,PW,No,ConsentFlag,1
3,1679148060550,18/03/2023 14:01:00,1679148061511,1,18/03/2023 15:01:01,88303,13,questionnaire-fh17,,28234498,y0n76gg5,8388015,,complete,,,computer,Desktop or Laptop,Windows 10,Chrome 109.0.0.0,1366x768,1366x657,Consent check,Generic Consent,1,Consent check,PW,No,END QUESTIONNAIRE,16897
1,1679086936481,17/03/2023 21:02:16,1679086926059,1,17/03/2023 22:02:06,88303,13,questionnaire-fh17,,28227245,viqu542y,8386012,,complete,,,computer,Desktop or Laptop,Windows 10,Chrome 97.0.4692.99,1366x768,1366x657,Consent check,Generic Consent,1,Consent check,PW,No,BEGIN QUESTIONNAIRE,
2,1679086947789,17/03/2023 21:02:27,1679086937295,1,17/03/2023 22:02:17,88303,13,questionnaire-fh17,,28227245,viqu542y,8386012,,complete,,,computer,Desktop or Laptop,Windows 10,Chrome 97.0.4692.99,1366x768,1366x657,Consent check,Generic Consent,1,Consent check,PW,No,ConsentFlag,1
3,1679086947892,17/03/2023 21:02:27,1679086937303,1,17/03/2023 22:02:17,88303,13,questionnaire-fh17,,28227245,viqu542y,8386012,,complete,,,computer,Desktop or Laptop,Windows 10,Chrome 97.0.4692.99,1366x768,1366x657,Consent check,Generic Consent,1,Consent check,PW,No,END QUESTIONNAIRE,11245
1,1678442475481,10/03/2023 10:01:15,1678442474789,1,10/03/2023 11:01:14,88303,13,questionnaire-fh17,,28003721,1e7copta,8316680,,complete,,,computer,Desktop or Laptop,Windows 10,Chrome 110.0.0.0,1366x768,1366x617,Consent check,Generic Consent,1,Consent check,PW,No,BEGIN QUESTIONNAIRE,
2,1678442485650,10/03/2023 10:01:25,1678442484950,1,10/03/2023 11:01:24,88303,13,questionnaire-fh17,,28003721,1e7copta,8316680,,complete,,,computer,Desktop or Laptop,Windows 10,Chrome 110.0.0.0,1366x768,1366x617,Consent check,Generic Consent,1,Consent check,PW,No,ConsentFlag,1
3,1678442485763,10/03/2023 10:01:25,1678442484954,1,10/03/2023 11:01:24,88303,13,questionnaire-fh17,,28003721,1e7copta,8316680,,complete,,,computer,Desktop or Laptop,Windows 10,Chrome 110.0.0.0,1366x768,1366x617,Consent check,Generic Consent,1,Consent check,PW,No,END QUESTIONNAIRE,10165
1,1678190480085,07/03/2023 12:01:20,1678190479628,1,07/03/2023 13:01:19,88303,13,questionnaire-fh17,,27894383,ghggm1k7,8284941,,complete,,,computer,Desktop or Laptop,Windows 10,Chrome 110.0.0.0,1920x1080,1920x937,Consent check,Generic Consent,1,Consent check,PW,No,BEGIN QUESTIONNAIRE,
2,1678190491177,07/03/2023 12:01:31,1678190490792,1,07/03/2023 13:01:30,88303,13,questionnaire-fh17,,27894383,ghggm1k7,8284941,,complete,,,computer,Desktop or Laptop,Windows 10,Chrome 110.0.0.0,1920x1080,1920x937,Consent check,Generic Consent,1,Consent check,PW,No,ConsentFlag,1
3,1678190491276,07/03/2023 12:01:31,1678190490793,1,07/03/2023 13:01:30,88303,13,questionnaire-fh17,,27894383,ghggm1k7,8284941,,complete,,,computer,Desktop or Laptop,Windows 10,Chrome 110.0.0.0,1920x1080,1920x937,Consent check,Generic Consent,1,Consent check,PW,No,END QUESTIONNAIRE,11165
1,1676835969984,19/02/2023 19:46:09,1676835955236,1,19/02/2023 20:45:55,88303,13,questionnaire-fh17,,27336452,e2wtlj1f,8125464,,live,,,computer,Desktop or Laptop,Windows 10,Firefox 109.0,1536x864,1536x711,Consent check,Generic Consent,1,Consent check,PW,No,BEGIN QUESTIONNAIRE,
2,1676835975557,19/02/2023 19:46:15,1676835960848,1,19/02/2023 20:46:00,88303,13,questionnaire-fh17,,27336452,e2wtlj1f,8125464,,live,,,computer,Desktop or Laptop,Windows 10,Firefox 109.0,1536x864,1536x711,Consent check,Generic Consent,1,Consent check,PW,No,ConsentFlag,1
3,1676835975689,19/02/2023 19:46:15,1676835960854,1,19/02/2023 20:46:00,88303,13,questionnaire-fh17,,27336452,e2wtlj1f,8125464,,live,,,computer,Desktop or Laptop,Windows 10,Firefox 109.0,1536x864,1536x711,Consent check,Generic Consent,1,Consent check,PW,No,END QUESTIONNAIRE,5618
1,1676719365124,18/02/2023 11:22:45,1676719364998,1,18/02/2023 12:22:44,88303,13,questionnaire-fh17,,27313061,1hcyax1z,8118385,,complete,,,computer,Desktop or Laptop,Windows 10,Chrome 110.0.0.0,1536x864,1536x746,Consent check,Generic Consent,1,Consent check,PW,No,BEGIN QUESTIONNAIRE,
2,1676719378312,18/02/2023 11:22:58,1676719378122,1,18/02/2023 12:22:58,88303,13,questionnaire-fh17,,27313061,1hcyax1z,8118385,,complete,,,computer,Desktop or Laptop,Windows 10,Chrome 110.0.0.0,1536x864,1536x746,Consent check,Generic Consent,1,Consent check,PW,No,ConsentFlag,1
3,1676719378498,18/02/2023 11:22:58,1676719378123,1,18/02/2023 12:22:58,88303,13,questionnaire-fh17,,27313061,1hcyax1z,8118385,,complete,,,computer,Desktop or Laptop,Windows 10,Chrome 110.0.0.0,1536x864,1536x746,Consent check,Generic Consent,1,Consent check,PW,No,END QUESTIONNAIRE,13125
1,1676656568383,17/02/2023 17:56:08,1676656568279,1,17/02/2023 18:56:08,88303,13,questionnaire-fh17,,27302262,4ay617x8,8115306,,complete,,,computer,Desktop or Laptop,Mac OS 10.15.7,Safari 15.6.1,1440x900,1440x837,Consent check,Generic Consent,1,Consent check,PW,No,BEGIN QUESTIONNAIRE,
2,1676656585365,17/02/2023 17:56:25,1676656585251,1,17/02/2023 18:56:25,88303,13,questionnaire-fh17,,27302262,4ay617x8,8115306,,complete,,,computer,Desktop or Laptop,Mac OS 10.15.7,Safari 15.6.1,1440x900,1440x837,Consent check,Generic Consent,1,Consent check,PW,No,ConsentFlag,1
3,1676656585456,17/02/2023 17:56:25,1676656585254,1,17/02/2023 18:56:25,88303,13,questionnaire-fh17,,27302262,4ay617x8,8115306,,complete,,,computer,Desktop or Laptop,Mac OS 10.15.7,Safari 15.6.1,1440x900,1440x837,Consent check,Generic Consent,1,Consent check,PW,No,END QUESTIONNAIRE,16975
1,1676654564198,17/02/2023 17:22:44,1676654562654,1,17/02/2023 18:22:42,88303,13,questionnaire-fh17,,27301153,48m9zzlz,8114966,,complete,,,computer,Desktop or Laptop,Windows 10,Chrome 109.0.0.0,1536x864,1240x658,Consent check,Generic Consent,1,Consent check,PW,No,BEGIN QUESTIONNAIRE,
2,1676654610063,17/02/2023 17:23:30,1676654608543,1,17/02/2023 18:23:28,88303,13,questionnaire-fh17,,27301153,48m9zzlz,8114966,,complete,,,computer,Desktop or Laptop,Windows 10,Chrome 109.0.0.0,1536x864,1240x658,Consent check,Generic Consent,1,Consent check,PW,No,ConsentFlag,1
3,1676654610185,17/02/2023 17:23:30,1676654608545,1,17/02/2023 18:23:28,88303,13,questionnaire-fh17,,27301153,48m9zzlz,8114966,,complete,,,computer,Desktop or Laptop,Windows 10,Chrome 109.0.0.0,1536x864,1240x658,Consent check,Generic Consent,1,Consent check,PW,No,END QUESTIONNAIRE,45891
1,1676624750503,17/02/2023 09:05:50,1676624752194,1,17/02/2023 10:05:52,88303,13,questionnaire-fh17,,27281755,62cwsg59,8109398,,complete,,,computer,Desktop or Laptop,Windows 10,Chrome 110.0.0.0,2560x1440,2560x1297,Consent check,Generic Consent,1,Consent check,PW,No,BEGIN QUESTIONNAIRE,
2,1676624763941,17/02/2023 09:06:03,1676624765725,1,17/02/2023 10:06:05,88303,13,questionnaire-fh17,,27281755,62cwsg59,8109398,,complete,,,computer,Desktop or Laptop,Windows 10,Chrome 110.0.0.0,2560x1440,2560x1297,Consent check,Generic Consent,1,Consent check,PW,No,ConsentFlag,1
3,1676624764039,17/02/2023 09:06:04,1676624765726,1,17/02/2023 10:06:05,88303,13,questionnaire-fh17,,27281755,62cwsg59,8109398,,complete,,,computer,Desktop or Laptop,Windows 10,Chrome 110.0.0.0,2560x1440,2560x1297,Consent check,Generic Consent,1,Consent check,PW,No,END QUESTIONNAIRE,13532
1,1676048366815,10/02/2023 16:59:26,1676048366941,1,10/02/2023 17:59:26,88303,13,questionnaire-fh17,,27116701,tff0qula,8058492,,complete,,,computer,Desktop or Laptop,Windows 10,Chrome 110.0.0.0,1366x768,1366x625,Consent check,Generic Consent,1,Consent check,PW,No,BEGIN QUESTIONNAIRE,
2,1676048371576,10/02/2023 16:59:31,1676048371608,1,10/02/2023 17:59:31,88303,13,questionnaire-fh17,,27116701,tff0qula,8058492,,complete,,,computer,Desktop or Laptop,Windows 10,Chrome 110.0.0.0,1366x768,1366x625,Consent check,Generic Consent,1,Consent check,PW,No,ConsentFlag,1
3,1676048371657,10/02/2023 16:59:31,1676048371609,1,10/02/2023 17:59:31,88303,13,questionnaire-fh17,,27116701,tff0qula,8058492,,complete,,,computer,Desktop or Laptop,Windows 10,Chrome 110.0.0.0,1366x768,1366x625,Consent check,Generic Consent,1,Consent check,PW,No,END QUESTIONNAIRE,4668
1,1665133953541,07/10/2022 09:12:33,1665133968188,2,07/10/2022 11:12:48,88303,13,questionnaire-fh17,,24414830,6u7m17ov,7212112,,complete,,,computer,Desktop or Laptop,Windows 8.1,Chrome 105.0.0.0,1366x768,1366x625,Consent check,Generic Consent,1,Consent check,PW,No,BEGIN QUESTIONNAIRE,
2,1665133991569,07/10/2022 09:13:11,1665134006246,2,07/10/2022 11:13:26,88303,13,questionnaire-fh17,,24414830,6u7m17ov,7212112,,complete,,,computer,Desktop or Laptop,Windows 8.1,Chrome 105.0.0.0,1366x768,1366x625,Consent check,Generic Consent,1,Consent check,PW,No,ConsentFlag,1
3,1665133991695,07/10/2022 09:13:11,1665134006250,2,07/10/2022 11:13:26,88303,13,questionnaire-fh17,,24414830,6u7m17ov,7212112,,complete,,,computer,Desktop or Laptop,Windows 8.1,Chrome 105.0.0.0,1366x768,1366x625,Consent check,Generic Consent,1,Consent check,PW,No,END QUESTIONNAIRE,38062
1,1665131939594,07/10/2022 08:38:59,1665131938523,2,07/10/2022 10:38:58,88303,13,questionnaire-fh17,,24414348,2eu5g068,7211982,,complete,,,computer,Desktop or Laptop,Windows 10,Chrome 106.0.0.0,1366x768,1366x657,Consent check,Generic Consent,1,Consent check,PW,No,BEGIN QUESTIONNAIRE,
2,1665131965970,07/10/2022 08:39:25,1665131964621,2,07/10/2022 10:39:24,88303,13,questionnaire-fh17,,24414348,2eu5g068,7211982,,complete,,,computer,Desktop or Laptop,Windows 10,Chrome 106.0.0.0,1366x768,1366x657,Consent check,Generic Consent,1,Consent check,PW,No,ConsentFlag,1
3,1665131966311,07/10/2022 08:39:26,1665131964623,2,07/10/2022 10:39:24,88303,13,questionnaire-fh17,,24414348,2eu5g068,7211982,,complete,,,computer,Desktop or Laptop,Windows 10,Chrome 106.0.0.0,1366x768,1366x657,Consent check,Generic Consent,1,Consent check,PW,No,END QUESTIONNAIRE,26100
1,1664445262748,29/09/2022 09:54:22,1664445262581,2,29/09/2022 11:54:22,88303,13,questionnaire-fh17,,24297427,sbba1umm,7168773,,complete,,,computer,Desktop or Laptop,Windows 10,Edge 102.0.1245.44,1366x768,1366x657,Consent check,Generic Consent,1,Consent check,PW,No,BEGIN QUESTIONNAIRE,
2,1664445289028,29/09/2022 09:54:49,1664445288865,2,29/09/2022 11:54:48,88303,13,questionnaire-fh17,,24297427,sbba1umm,7168773,,complete,,,computer,Desktop or Laptop,Windows 10,Edge 102.0.1245.44,1366x768,1366x657,Consent check,Generic Consent,1,Consent check,PW,No,ConsentFlag,1
3,1664445289159,29/09/2022 09:54:49,1664445288867,2,29/09/2022 11:54:48,88303,13,questionnaire-fh17,,24297427,sbba1umm,7168773,,complete,,,computer,Desktop or Laptop,Windows 10,Edge 102.0.1245.44,1366x768,1366x657,Consent check,Generic Consent,1,Consent check,PW,No,END QUESTIONNAIRE,26286
1,1658496563261,22/07/2022 13:29:23,1658496563337,2,22/07/2022 15:29:23,88303,13,questionnaire-fh17,,23248590,008lscsd,6824250,,complete,,,computer,Desktop or Laptop,Windows 10,Chrome 103.0.0.0,1366x768,1242x568,Consent check,Generic Consent,1,Consent check,PW,No,BEGIN QUESTIONNAIRE,
2,1658496567631,22/07/2022 13:29:27,1658496567742,2,22/07/2022 15:29:27,88303,13,questionnaire-fh17,,23248590,008lscsd,6824250,,complete,,,computer,Desktop or Laptop,Windows 10,Chrome 103.0.0.0,1366x768,1242x568,Consent check,Generic Consent,1,Consent check,PW,No,ConsentFlag,1
3,1658496567700,22/07/2022 13:29:27,1658496567744,2,22/07/2022 15:29:27,88303,13,questionnaire-fh17,,23248590,008lscsd,6824250,,complete,,,computer,Desktop or Laptop,Windows 10,Chrome 103.0.0.0,1366x768,1242x568,Consent check,Generic Consent,1,Consent check,PW,No,END QUESTIONNAIRE,4407
1,1658492970073,22/07/2022 12:29:30,1658492969347,2,22/07/2022 14:29:29,88303,13,questionnaire-fh17,,23247400,gb2mpcsm,6823870,,complete,,,computer,Desktop or Laptop,Windows 10,Chrome 103.0.0.0,1366x768,1366x635,Consent check,Generic Consent,1,Consent check,PW,No,BEGIN QUESTIONNAIRE,
2,1658492995050,22/07/2022 12:29:55,1658492994349,2,22/07/2022 14:29:54,88303,13,questionnaire-fh17,,23247400,gb2mpcsm,6823870,,complete,,,computer,Desktop or Laptop,Windows 10,Chrome 103.0.0.0,1366x768,1366x635,Consent check,Generic Consent,1,Consent check,PW,No,ConsentFlag,1
3,1658492995127,22/07/2022 12:29:55,1658492994351,2,22/07/2022 14:29:54,88303,13,questionnaire-fh17,,23247400,gb2mpcsm,6823870,,complete,,,computer,Desktop or Laptop,Windows 10,Chrome 103.0.0.0,1366x768,1366x635,Consent check,Generic Consent,1,Consent check,PW,No,END QUESTIONNAIRE,25004
1,1656580283316,30/06/2022 09:11:23,1656580283118,2,30/06/2022 11:11:23,88303,13,questionnaire-fh17,,22877827,pk4n4wpc,6706468,,complete,,,computer,Desktop or Laptop,Windows 10,Edge 103.0.1264.37,1920x1080,1829x923,Consent check,Generic Consent,1,Consent check,PW,No,BEGIN QUESTIONNAIRE,
2,1656580317668,30/06/2022 09:11:57,1656580317516,2,30/06/2022 11:11:57,88303,13,questionnaire-fh17,,22877827,pk4n4wpc,6706468,,complete,,,computer,Desktop or Laptop,Windows 10,Edge 103.0.1264.37,1920x1080,1829x923,Consent check,Generic Consent,1,Consent check,PW,No,ConsentFlag,1
3,1656580317750,30/06/2022 09:11:57,1656580317518,2,30/06/2022 11:11:57,88303,13,questionnaire-fh17,,22877827,pk4n4wpc,6706468,,complete,,,computer,Desktop or Laptop,Windows 10,Edge 103.0.1264.37,1920x1080,1829x923,Consent check,Generic Consent,1,Consent check,PW,No,END QUESTIONNAIRE,34400
1,1656579200701,30/06/2022 08:53:20,1656579200394,2,30/06/2022 10:53:20,88303,13,questionnaire-fh17,,22877310,u7ukhlts,6706381,,complete,,,computer,Desktop or Laptop,Mac OS 10.15.7,Safari 15.5,1680x1050,1680x947,Consent check,Generic Consent,1,Consent check,PW,No,BEGIN QUESTIONNAIRE,
2,1656579204357,30/06/2022 08:53:24,1656579204080,2,30/06/2022 10:53:24,88303,13,questionnaire-fh17,,22877310,u7ukhlts,6706381,,complete,,,computer,Desktop or Laptop,Mac OS 10.15.7,Safari 15.5,1680x1050,1680x947,Consent check,Generic Consent,1,Consent check,PW,No,ConsentFlag,1
3,1656579204502,30/06/2022 08:53:24,1656579204090,2,30/06/2022 10:53:24,88303,13,questionnaire-fh17,,22877310,u7ukhlts,6706381,,complete,,,computer,Desktop or Laptop,Mac OS 10.15.7,Safari 15.5,1680x1050,1680x947,Consent check,Generic Consent,1,Consent check,PW,No,END QUESTIONNAIRE,3696
1,1656577067468,30/06/2022 08:17:47,1656577068429,2,30/06/2022 10:17:48,88303,13,questionnaire-fh17,,22876750,8ij7agah,6706229,,live,,,computer,Desktop or Laptop,Windows 10,Chrome 103.0.0.0,1360x768,1360x625,Consent check,Generic Consent,1,Consent check,PW,No,BEGIN QUESTIONNAIRE,
2,1656577093645,30/06/2022 08:18:13,1656577094663,2,30/06/2022 10:18:14,88303,13,questionnaire-fh17,,22876750,8ij7agah,6706229,,live,,,computer,Desktop or Laptop,Windows 10,Chrome 103.0.0.0,1360x768,1360x625,Consent check,Generic Consent,1,Consent check,PW,No,ConsentFlag,1
3,1656577093731,30/06/2022 08:18:13,1656577094664,2,30/06/2022 10:18:14,88303,13,questionnaire-fh17,,22876750,8ij7agah,6706229,,live,,,computer,Desktop or Laptop,Windows 10,Chrome 103.0.0.0,1360x768,1360x625,Consent check,Generic Consent,1,Consent check,PW,No,END QUESTIONNAIRE,26235
1,1656576034112,30/06/2022 08:00:34,1656576158666,2,30/06/2022 10:02:38,88303,13,questionnaire-fh17,,22876528,i56nahhe,6706183,,complete,,,computer,Desktop or Laptop,Windows 10,Chrome 103.0.0.0,1366x768,1366x657,Consent check,Generic Consent,1,Consent check,PW,No,BEGIN QUESTIONNAIRE,
2,1656576053055,30/06/2022 08:00:53,1656576177753,2,30/06/2022 10:02:57,88303,13,questionnaire-fh17,,22876528,i56nahhe,6706183,,complete,,,computer,Desktop or Laptop,Windows 10,Chrome 103.0.0.0,1366x768,1366x657,Consent check,Generic Consent,1,Consent check,PW,No,ConsentFlag,1
3,1656576053152,30/06/2022 08:00:53,1656576177754,2,30/06/2022 10:02:57,88303,13,questionnaire-fh17,,22876528,i56nahhe,6706183,,complete,,,computer,Desktop or Laptop,Windows 10,Chrome 103.0.0.0,1366x768,1366x657,Consent check,Generic Consent,1,Consent check,PW,No,END QUESTIONNAIRE,19088
1,1656573122982,30/06/2022 07:12:02,1656573122820,2,30/06/2022 09:12:02,88303,13,questionnaire-fh17,,22876111,3fr6t6n4,6706076,,complete,,,computer,Desktop or Laptop,Windows 10,Chrome 103.0.0.0,1366x768,1366x625,Consent check,Generic Consent,1,Consent check,PW,No,BEGIN QUESTIONNAIRE,
2,1656573129079,30/06/2022 07:12:09,1656573129005,2,30/06/2022 09:12:09,88303,13,questionnaire-fh17,,22876111,3fr6t6n4,6706076,,complete,,,computer,Desktop or Laptop,Windows 10,Chrome 103.0.0.0,1366x768,1366x625,Consent check,Generic Consent,1,Consent check,PW,No,ConsentFlag,1
3,1656573129218,30/06/2022 07:12:09,1656573129007,2,30/06/2022 09:12:09,88303,13,questionnaire-fh17,,22876111,3fr6t6n4,6706076,,complete,,,computer,Desktop or Laptop,Windows 10,Chrome 103.0.0.0,1366x768,1366x625,Consent check,Generic Consent,1,Consent check,PW,No,END QUESTIONNAIRE,6187
1,1654529567187,06/06/2022 15:32:47,1654529567042,2,06/06/2022 17:32:47,88303,13,questionnaire-fh17,,22316010,0upwovk3,6578676,,complete,,,computer,Desktop or Laptop,Windows 10,Edge 101.0.1210.32,1366x768,1366x649,Consent check,Generic Consent,1,Consent check,PW,No,BEGIN QUESTIONNAIRE,
2,1654529630139,06/06/2022 15:33:50,1654529629869,2,06/06/2022 17:33:49,88303,13,questionnaire-fh17,,22316010,0upwovk3,6578676,,complete,,,computer,Desktop or Laptop,Windows 10,Edge 101.0.1210.32,1366x768,1366x649,Consent check,Generic Consent,1,Consent check,PW,No,ConsentFlag,1
3,1654529630297,06/06/2022 15:33:50,1654529629872,2,06/06/2022 17:33:49,88303,13,questionnaire-fh17,,22316010,0upwovk3,6578676,,complete,,,computer,Desktop or Laptop,Windows 10,Edge 101.0.1210.32,1366x768,1366x649,Consent check,Generic Consent,1,Consent check,PW,No,END QUESTIONNAIRE,62830
1,1654595026645,07/06/2022 09:43:46,1654595025059,2,07/06/2022 11:43:45,88303,13,questionnaire-fh17,,22327329,7su88l3j,6581738,,complete,,,computer,Desktop or Laptop,Windows 10,Chrome 102.0.5005.63,1920x1080,1920x937,Consent check,Generic Consent,1,Consent check,PW,No,BEGIN QUESTIONNAIRE,
2,1654595052382,07/06/2022 09:44:12,1654595050833,2,07/06/2022 11:44:10,88303,13,questionnaire-fh17,,22327329,7su88l3j,6581738,,complete,,,computer,Desktop or Laptop,Windows 10,Chrome 102.0.5005.63,1920x1080,1920x937,Consent check,Generic Consent,1,Consent check,PW,No,ConsentFlag,1
3,1654595052454,07/06/2022 09:44:12,1654595050834,2,07/06/2022 11:44:10,88303,13,questionnaire-fh17,,22327329,7su88l3j,6581738,,complete,,,computer,Desktop or Laptop,Windows 10,Chrome 102.0.5005.63,1920x1080,1920x937,Consent check,Generic Consent,1,Consent check,PW,No,END QUESTIONNAIRE,25775
1,1655133399491,13/06/2022 15:16:39,1655133399332,2,13/06/2022 17:16:39,88303,13,questionnaire-fh17,,22447377,z3txa2mk,6615928,,complete,,,computer,Desktop or Laptop,Windows 10,Chrome 102.0.0.0,1280x720,1280x609,Consent check,Generic Consent,1,Consent check,PW,No,BEGIN QUESTIONNAIRE,
2,1655133412035,13/06/2022 15:16:52,1655133411898,2,13/06/2022 17:16:51,88303,13,questionnaire-fh17,,22447377,z3txa2mk,6615928,,complete,,,computer,Desktop or Laptop,Windows 10,Chrome 102.0.0.0,1280x720,1280x609,Consent check,Generic Consent,1,Consent check,PW,No,ConsentFlag,1
3,1655133412105,13/06/2022 15:16:52,1655133411899,2,13/06/2022 17:16:51,88303,13,questionnaire-fh17,,22447377,z3txa2mk,6615928,,complete,,,computer,Desktop or Laptop,Windows 10,Chrome 102.0.0.0,1280x720,1280x609,Consent check,Generic Consent,1,Consent check,PW,No,END QUESTIONNAIRE,12567
1,1655124484171,13/06/2022 12:48:04,1655124483987,2,13/06/2022 14:48:03,88303,13,questionnaire-fh17,,22443739,hx2lxp5a,6614386,,complete,,,computer,Desktop or Laptop,Mac OS 10.15.7,Safari 14.1.2,1440x900,1440x820,Consent check,Generic Consent,1,Consent check,PW,No,BEGIN QUESTIONNAIRE,
2,1655124498647,13/06/2022 12:48:18,1655124498447,2,13/06/2022 14:48:18,88303,13,questionnaire-fh17,,22443739,hx2lxp5a,6614386,,complete,,,computer,Desktop or Laptop,Mac OS 10.15.7,Safari 14.1.2,1440x900,1440x820,Consent check,Generic Consent,1,Consent check,PW,No,ConsentFlag,1
3,1655124498764,13/06/2022 12:48:18,1655124498449,2,13/06/2022 14:48:18,88303,13,questionnaire-fh17,,22443739,hx2lxp5a,6614386,,complete,,,computer,Desktop or Laptop,Mac OS 10.15.7,Safari 14.1.2,1440x900,1440x820,Consent check,Generic Consent,1,Consent check,PW,No,END QUESTIONNAIRE,14462
1,1655122350803,13/06/2022 12:12:30,1655122351033,2,13/06/2022 14:12:31,88303,13,questionnaire-fh17,,22443106,3gtxgkqd,6614146,,complete,,,computer,Desktop or Laptop,Windows 10,Chrome 102.0.5005.63,1280x720,1280x577,Consent check,Generic Consent,1,Consent check,PW,No,BEGIN QUESTIONNAIRE,
2,1655122375017,13/06/2022 12:12:55,1655122375258,2,13/06/2022 14:12:55,88303,13,questionnaire-fh17,,22443106,3gtxgkqd,6614146,,complete,,,computer,Desktop or Laptop,Windows 10,Chrome 102.0.5005.63,1280x720,1280x577,Consent check,Generic Consent,1,Consent check,PW,No,ConsentFlag,1
3,1655122375184,13/06/2022 12:12:55,1655122375259,2,13/06/2022 14:12:55,88303,13,questionnaire-fh17,,22443106,3gtxgkqd,6614146,,complete,,,computer,Desktop or Laptop,Windows 10,Chrome 102.0.5005.63,1280x720,1280x577,Consent check,Generic Consent,1,Consent check,PW,No,END QUESTIONNAIRE,24226
1,1654597277326,07/06/2022 10:21:17,1654597277235,2,07/06/2022 12:21:17,88303,13,questionnaire-fh17,,22328051,4rv15at0,6582329,,complete,,,computer,Desktop or Laptop,Mac OS 10.15.7,Safari 15.5,2048x1152,1685x967,Consent check,Generic Consent,1,Consent check,PW,No,BEGIN QUESTIONNAIRE,
2,1654597290627,07/06/2022 10:21:30,1654597290561,2,07/06/2022 12:21:30,88303,13,questionnaire-fh17,,22328051,4rv15at0,6582329,,complete,,,computer,Desktop or Laptop,Mac OS 10.15.7,Safari 15.5,2048x1152,1685x967,Consent check,Generic Consent,1,Consent check,PW,No,ConsentFlag,1
3,1654597290707,07/06/2022 10:21:30,1654597290563,2,07/06/2022 12:21:30,88303,13,questionnaire-fh17,,22328051,4rv15at0,6582329,,complete,,,computer,Desktop or Laptop,Mac OS 10.15.7,Safari 15.5,2048x1152,1685x967,Consent check,Generic Consent,1,Consent check,PW,No,END QUESTIONNAIRE,13329
END OF FILE
